Graph,Model,Loss Function,n_negative,Learning Rate,lambda,n2v_p,n2v_q,time,Duration,Steps,Loss/positive_loss,Loss/negative_loss,Loss/total_loss,Loss/dimension_regularization,GPU_usage/memory__bytes_,classifier/metrics/valid/AUC_ROC,classifier/metrics/valid/MRR,classifier/metrics/valid/Hits_1,classifier/metrics/valid/Hits_20,classifier/metrics/valid/Hits_50,classifier/metrics/valid/Hits_100,classifier/metrics/test/AUC_ROC,classifier/metrics/test/MRR,classifier/metrics/test/Hits_1,classifier/metrics/test/Hits_20,classifier/metrics/test/Hits_50,classifier/metrics/test/Hits_100,Loss/classifier_loss,metrics/valid/AUC_ROC,metrics/valid/MRR,metrics/valid/Hits_1,metrics/valid/Hits_20,metrics/valid/Hits_50,metrics/valid/Hits_100,metrics/test/AUC_ROC,metrics/test/MRR,metrics/test/Hits_1,metrics/test/Hits_20,metrics/test/Hits_50,metrics/test/Hits_100
SBM-0.1-0.002,line,sg,10,0.01,0.0,1.0,1.0,02-05-01h59m,38.765645027160645,6409,2.48602557182312,28.83767318725586,31.323698043823242,0.0,14028288.0,0.7304571866989136,0.014764020219445229,9.757049701875076e-05,0.000439067225670442,0.0009269197471439838,0.0021465509198606014,0.7193640470504761,0.01208631880581379,0.0,0.00029269722290337086,0.0010732230730354786,0.0018537490395829082,1.1439943313598633,0.7725664377212524,0.018298806622624397,0.0,0.0007805639761500061,0.0011220606975257397,0.002390477107837796,0.7522357106208801,0.012748862616717815,2.439143463561777e-05,0.00034148007398471236,0.0013171375030651689,0.001975706312805414
SBM-0.1-0.002,line,sg_aug,10,0.01,1.0,1.0,1.0,02-05-02h00m,36.41772413253784,6409,0.003121313638985157,0.0,0.003121313638985157,0.0001319711736869067,13894144.0,0.7703337073326111,0.014431779272854328,0.0,0.000439067225670442,0.0013659870019182563,0.0020001952070742846,0.7518290281295776,0.01330944150686264,0.0,0.0002439143427181989,0.0009268745197914541,0.0022927948739379644,1.1779288053512573,0.7731616497039795,0.015467233955860138,4.878524850937538e-05,0.0006342082051560283,0.0011708459351211786,0.0021953361574560404,0.7518348693847656,0.012736276723444462,2.439143463561777e-05,0.0002439143427181989,0.0007561344536952674,0.0020000976510345936
SBM-0.1-0.002,line,sg_aug,100,0.01,1.0,1.0,1.0,02-05-02h00m,36.13041090965271,6409,0.005549202673137188,0.0,0.005549202673137188,0.0023768069222569466,13894144.0,0.7642148733139038,0.01438523456454277,0.0,0.0007317787385545671,0.0012196311727166176,0.001756268902681768,0.752418577671051,0.013284124433994293,2.439143463561777e-05,0.000512220140080899,0.0009024830651469529,0.0020976634696125984,1.1768486499786377,0.7709338665008545,0.015369263477623463,0.0,0.00034149675047956407,0.0010732754599303007,0.0019514099694788456,0.7538560032844543,0.012996714562177658,0.0,0.00046343725989572704,0.0011707888916134834,0.0024879262782633305
SBM-0.1-0.002,line,sg_aug,1000000000,0.01,0.1,1.0,1.0,02-05-02h01m,19.37178134918213,6409,0.004532918334007263,0.0,0.004532918334007263,11587.2265625,13894144.0,0.4991132915019989,0.006962725892663002,0.0,9.757049701875076e-05,0.00039028198807500303,0.0010732754599303007,0.49645036458969116,0.007298099808394909,0.0,0.00014634861145168543,0.0003170886484440416,0.0007805259083397686,1.1777820587158203,,,,,,,,,,,,
SBM-0.1-0.002,n2v,sg,10,0.01,0.0,1.0,1.0,02-05-01h56m,30.045976400375366,79,692165.5,1088759.25,1780924.75,0.0,3120247296.0,0.7651385068893433,0.014393032528460026,4.878524850937538e-05,0.0005366377299651504,0.0009757049847394228,0.0021465509198606014,0.755829930305481,0.013098960742354393,0.0,0.0004390458343550563,0.0007073516026139259,0.001439094659872353,1.1226832866668701,0.7654362916946411,0.014714924618601799,4.878524850937538e-05,0.00019514099403750151,0.0009269197471439838,0.0014635574771091342,0.7542746663093567,0.013122639618813992,2.439143463561777e-05,0.00046343725989572704,0.0013171375030651689,0.002439143368974328
SBM-0.1-0.002,n2v,sg_aug,10,0.01,100.0,1.0,1.0,02-05-01h57m,29.07167625427246,79,23649.4453125,0.0,23649.4453125,27197.22265625,2083241472.0,0.5315458178520203,0.007488256320357323,0.0,0.0,0.00029271148378029466,0.0006342082051560283,0.5260940790176392,0.0072614047676324844,0.0,7.317430572584271e-05,0.0003170886484440416,0.0008293087594211102,1.1661908626556396,0.504368245601654,0.00800023227930069,0.0,4.878524850937538e-05,4.878524850937538e-05,9.757049701875076e-05,0.5017939805984497,0.007687189616262913,0.0,0.0,4.878286927123554e-05,0.00017074003699235618
SBM-0.1-0.002,n2v,sg_aug,100,0.01,100.0,1.0,1.0,02-05-01h57m,28.86342215538025,79,7957.71484375,0.0,7957.71484375,35669.78515625,2083241472.0,0.5080129504203796,0.007901228964328766,0.0,0.00014635574189014733,0.00019514099403750151,0.0005854229675605893,0.5060288310050964,0.007837054319679737,4.878286927123554e-05,0.00019513147708494216,0.0003902629541698843,0.000609785842243582,1.1921058893203735,0.5046934485435486,0.007468145806342363,0.0,0.0,0.00014635574189014733,0.0002439262461848557,0.504768431186676,0.007657441310584545,0.0,2.439143463561777e-05,0.00012195717135909945,0.00034148007398471236
SBM-0.1-0.002,n2v,sg_aug,1000000000,0.01,0.1,1.0,1.0,02-05-01h58m,28.971179962158203,79,7957.71484375,0.0,7957.71484375,35669.78125,2083241472.0,0.5082176923751831,0.007901228964328766,0.0,0.00014635574189014733,0.00019514099403750151,0.0005854229675605893,0.505083441734314,0.007837054319679737,4.878286927123554e-05,0.00019513147708494216,0.0003902629541698843,0.000609785842243582,1.1921058893203735,0.5031538605690002,0.007468145806342363,0.0,0.0,0.00014635574189014733,0.0002439262461848557,0.503234326839447,0.007657441310584545,0.0,2.439143463561777e-05,0.00012195717135909945,0.00034148007398471236
SBM-0.1-0.01,line,sg,10,0.01,0.0,1.0,1.0,02-05-02h05m,41.77411127090454,6909,5.994222640991211,77.63810729980469,83.63233184814453,0.0,14028288.0,0.7204131484031677,0.016122521832585335,0.0,0.0006786716403439641,0.0012216089526191354,0.002669441746547818,0.7073830366134644,0.011055544018745422,0.0,0.00027146865613758564,0.0007917835609987378,0.0016966790426522493,1.1209007501602173,0.7477346658706665,0.018425997346639633,0.0,0.0006334268255159259,0.00131209846585989,0.0038910505827516317,0.716203510761261,0.011700131930410862,0.0,0.00018097909924108535,0.0005881820688955486,0.0012894760584458709
SBM-0.1-0.01,line,sg_aug,10,0.01,1.0,1.0,1.0,02-05-02h06m,39.65029454231262,6909,0.018184836953878403,0.0,0.018184836953878403,0.00036796857602894306,13894144.0,0.7329434752464294,0.014504981227219105,9.048954962054268e-05,0.00040720298420637846,0.0009048954816535115,0.0017193014500662684,0.7180557250976562,0.012071521952748299,2.262238740513567e-05,0.00022622387041337788,0.0005655596614815295,0.0015156998997554183,1.1343815326690674,0.7522475123405457,0.015429576858878136,0.0,0.00040720298420637846,0.0010858746245503426,0.0025337073020637035,0.7170942425727844,0.011855760589241982,0.0,0.00022622387041337788,0.00047507014824077487,0.0012216089526191354
SBM-0.1-0.01,line,sg_aug,100,0.01,1.0,1.0,1.0,02-05-02h07m,39.15254807472229,6909,0.02448607236146927,0.0,0.02448607236146927,0.004066991154104471,13894144.0,0.7412704229354858,0.014823728241026402,4.524477481027134e-05,0.00040720298420637846,0.0015383223071694374,0.00262419693171978,0.7199704647064209,0.01221239473670721,0.0,0.00047507014824077487,0.0008370283176191151,0.0016740566352382302,1.1134947538375854,0.7574615478515625,0.016213882714509964,0.00031671341275796294,0.0005429373122751713,0.0015835671219974756,0.002669441746547818,0.7197537422180176,0.011838062666356564,4.524477481027134e-05,0.00031671341275796294,0.0006108044763095677,0.00131209846585989
SBM-0.1-0.01,line,sg_aug,1000000000,0.01,0.1,1.0,1.0,02-05-02h07m,38.84685730934143,6909,0.010314680635929108,0.0,0.010314680635929108,16649.9609375,13894144.0,0.5447051525115967,0.008345548063516617,0.0,0.00027146865613758564,0.0009501402964815497,0.0016288119368255138,0.5412005186080933,0.007519590202718973,2.262238740513567e-05,0.00047507014824077487,0.0011084970319643617,0.0018324133707210422,1.1379859447479248,0.5452982187271118,0.00842524878680706,0.0,0.00027146865613758564,0.0007239163969643414,0.0019907699897885323,0.536453127861023,0.0075933546759188175,0.0,0.00033933582017198205,0.0005881820688955486,0.0012442313600331545
SBM-0.1-0.01,n2v,sg,10,0.01,0.0,1.0,1.0,02-05-02h02m,31.587172746658325,79,924848.3125,958538.375,1883386.75,0.0,3120247296.0,0.501175045967102,0.007644073572009802,0.0,0.00018097909924108535,0.00031671341275796294,0.0009048954816535115,0.5042991042137146,0.007526279427111149,0.0,0.00013573432806879282,0.00033933582017198205,0.0006786716403439641,1.329664707183838,0.5107279419898987,0.007708942983299494,0.0,0.00013573432806879282,0.00027146865613758564,0.0005881820688955486,0.5115491151809692,0.007598480675369501,0.0,0.00024884624872356653,0.0003619581984821707,0.0007239163969643414
SBM-0.1-0.01,n2v,sg_aug,10,0.01,100.0,1.0,1.0,02-05-02h03m,30.676056385040283,79,17795.984375,0.0,17795.984375,29661.1015625,2083241472.0,0.5067009925842285,0.007784863468259573,0.0,0.00027146865613758564,0.0005881820688955486,0.001131119322963059,0.5026630759239197,0.007505251094698906,0.0,0.00011311193520668894,0.00045244774082675576,0.0009953849948942661,1.2423204183578491,0.5066932439804077,0.007725055329501629,9.048954962054268e-05,0.00027146865613758564,0.0005881820688955486,0.00131209846585989,0.5034072995185852,0.007470468524843454,4.524477481027134e-05,0.00015835670637898147,0.00033933582017198205,0.0010180074023082852
SBM-0.1-0.01,n2v,sg_aug,100,0.01,100.0,1.0,1.0,02-05-02h03m,30.35703706741333,79,5420.205078125,0.0,5420.205078125,38702.66015625,2083241472.0,0.5043554306030273,0.007735732477158308,0.0,0.00027146865613758564,0.0005881820688955486,0.0010406298097223043,0.5034998059272766,0.007875279523432255,0.0,0.00024884624872356653,0.0005881820688955486,0.0009953849948942661,1.260991096496582,0.50589519739151,0.007567454595118761,0.0,0.00027146865613758564,0.0005429373122751713,0.0009953849948942661,0.5042327046394348,0.007304070983082056,0.0,0.00022622387041337788,0.00040720298420637846,0.0012668536510318518
SBM-0.1-0.01,n2v,sg_aug,1000000000,0.01,0.1,1.0,1.0,02-05-02h04m,30.62880563735962,79,5420.205078125,0.0,5420.205078125,38702.65625,2083241472.0,0.5049169659614563,0.007735732477158308,0.0,0.00027146865613758564,0.0005881820688955486,0.0010406298097223043,0.5027949213981628,0.007875279523432255,0.0,0.00024884624872356653,0.0005881820688955486,0.0009953849948942661,1.260991096496582,0.507614016532898,0.007567454595118761,0.0,0.00027146865613758564,0.0005429373122751713,0.0009953849948942661,0.5035276412963867,0.007304070983082056,0.0,0.00022622387041337788,0.00040720298420637846,0.0012668536510318518
SBM-0.1-0.02,line,sg,10,0.01,0.0,1.0,1.0,02-05-02h11m,46.11543273925781,7534,15.157888412475586,102.80361938476562,117.96150970458984,0.0,14028288.0,0.6300599575042725,0.013280992396175861,0.0,0.0005392847815528512,0.001285986858420074,0.0033601592294871807,0.5913344025611877,0.007417891640216112,0.0,0.0004355581186246127,0.0007259302074089646,0.0013688969193026423,1.2174136638641357,0.692038893699646,0.017243755981326103,0.0,4.148344669374637e-05,0.0010785695631057024,0.0034016426652669907,0.5985167622566223,0.00746170012280345,0.0,0.0,0.00020740862237289548,0.0012444517342373729
SBM-0.1-0.02,line,sg_aug,10,0.01,1.0,1.0,1.0,02-05-02h12m,42.99852013587952,7534,0.04168159142136574,0.0,0.04168159142136574,0.00021701265359297395,13894144.0,0.7151781916618347,0.01554136909544468,0.0,0.0002489006728865206,0.0010370861273258924,0.002406039973720908,0.6774371862411499,0.010715567506849766,0.0,0.0003111129335593432,0.0008503753924742341,0.0015348239103332162,1.2396860122680664,0.736603319644928,0.015784265473484993,0.0,8.296689338749275e-05,0.0004978013457730412,0.0016178544610738754,0.6644896864891052,0.009915221482515335,0.0,0.0,0.00037333552609197795,0.0012444517342373729
SBM-0.1-0.02,line,sg_aug,100,0.01,1.0,1.0,1.0,02-05-02h13m,42.18602633476257,7534,0.047665223479270935,0.0,0.047665223479270935,0.11409150809049606,13894144.0,0.7071334719657898,0.014789622277021408,0.0,0.0004563179099932313,0.0010370861273258924,0.0028623577672988176,0.6793532967567444,0.010938447900116444,2.074086296488531e-05,0.00016592690371908247,0.0007466710521839559,0.001265192637220025,1.2363684177398682,0.7233803272247314,0.014928474090993404,0.0,0.0001244503364432603,0.0007467020186595619,0.0015348874730989337,0.6657111644744873,0.010002621449530125,0.0,2.074086296488531e-05,0.0003525946813169867,0.0011200065491721034
SBM-0.1-0.02,line,sg_aug,1000000000,0.01,0.1,1.0,1.0,02-05-02h14m,42.30515718460083,7534,0.009118283167481422,0.0,0.009118283167481422,20696.31640625,13894144.0,0.514950156211853,0.0081012062728405,0.0,0.0001244503364432603,0.000663735147099942,0.0009541192557662725,0.5079034566879272,0.0077421776950359344,0.0,0.00029037208878435194,0.0006222258671186864,0.0011822291417047381,1.2439332008361816,0.5282682776451111,0.008081845007836819,0.0,0.0002489006728865206,0.0005807682755403221,0.001244503422640264,0.5182399153709412,0.007633926346898079,0.0,0.0003525946813169867,0.0010370431700721383,0.0018874185625463724
SBM-0.1-0.02,n2v,sg,10,0.01,0.0,1.0,1.0,02-05-02h08m,33.820345401763916,79,935332.0625,958166.875,1893499.0,0.0,3120247296.0,0.5127499103546143,0.007601176854223013,0.0,0.0002489006728865206,0.0005392847815528512,0.0010785695631057024,0.5041888356208801,0.007112281862646341,0.00010370431118644774,0.0002281494962517172,0.0004770398372784257,0.0009333388297818601,1.3734281063079834,0.5240144729614258,0.008331235498189926,8.296689338749275e-05,0.000331867573549971,0.0004978013457730412,0.001285986858420074,0.5141754746437073,0.007568121887743473,2.074086296488531e-05,0.00020740862237289548,0.0006637076148763299,0.0008711162372492254
SBM-0.1-0.02,n2v,sg_aug,10,0.01,100.0,1.0,1.0,02-05-02h09m,33.13023495674133,79,17697.478515625,0.0,17697.478515625,29638.890625,2083241472.0,0.5123851895332336,0.008136115968227386,8.296689338749275e-05,0.00029038413777016103,0.0007467020186595619,0.0013689537299796939,0.5015743970870972,0.0074910554103553295,0.0,0.00016592690371908247,0.0004355581186246127,0.0007051893626339734,1.2756304740905762,0.511786937713623,0.008427435532212257,4.148344669374637e-05,0.00029038413777016103,0.0005807682755403221,0.0009956026915460825,0.5021421313285828,0.007408550474792719,2.074086296488531e-05,0.00014518604439217597,0.0004977807402610779,0.0009125979850068688
SBM-0.1-0.02,n2v,sg_aug,100,0.01,100.0,1.0,1.0,02-05-02h09m,15.188329935073853,79,5416.470703125,0.0,5416.470703125,38641.00390625,2083241472.0,0.5064500570297241,0.008258840069174767,0.0,0.00029038413777016103,0.0007052185828797519,0.001203019986860454,0.49858567118644714,0.007516705896705389,2.074086296488531e-05,0.0003940763999707997,0.0007674119551666081,0.0015348239103332162,1.3649752140045166,,,,,,,,,,,,
SBM-0.1-0.02,n2v,sg_aug,1000000000,0.01,0.1,1.0,1.0,02-05-02h10m,15.109927415847778,79,5416.470703125,0.0,5416.470703125,38641.00390625,2083241472.0,0.5059303641319275,0.008258840069174767,0.0,0.00029038413777016103,0.0007052185828797519,0.001203019986860454,0.4964376389980316,0.007516705896705389,2.074086296488531e-05,0.0003940763999707997,0.0007674119551666081,0.0015348239103332162,1.3649752140045166,,,,,,,,,,,,
SBM-0.1-0.04,line,sg,10,0.01,0.0,1.0,1.0,02-05-02h19m,53.349894762039185,8769,15.532564163208008,109.03450775146484,124.56707000732422,0.0,14028288.0,0.6654752492904663,0.016586724668741226,0.0,0.00014255168207455426,0.0007840342586860061,0.0021026371978223324,0.5128961801528931,0.006623045541346073,0.0,3.5636647226056084e-05,0.00016036491433624178,0.0005523680592887104,1.2058885097503662,0.7115272879600525,0.01855096034705639,0.0,0.0,0.0005702067282982171,0.002922309562563896,0.5116906762123108,0.0063965716399252415,0.0,1.7818323613028042e-05,0.00010690993804018945,0.0004810947284568101
SBM-0.1-0.04,line,sg_aug,10,0.01,1.0,1.0,1.0,02-05-02h20m,49.88662648200989,8769,0.26732659339904785,0.0,0.26732659339904785,0.13947120308876038,13894144.0,0.6601169109344482,0.014271529391407967,0.0,3.5637920518638566e-05,0.000605844659730792,0.0015324305277317762,0.5318289995193481,0.007133559789508581,0.0,0.00017818323976825923,0.0002672748523764312,0.0008909161551855505,1.2471719980239868,0.7036615014076233,0.017080452293157578,3.5637920518638566e-05,7.127584103727713e-05,0.00046329296310432255,0.0021026371978223324,0.5310322046279907,0.007206024136394262,0.0,3.5636647226056084e-05,0.0001247282634722069,0.0005880046519450843
SBM-0.1-0.04,line,sg_aug,100,0.01,1.0,1.0,1.0,02-05-02h21m,49.18303442001343,8769,0.06419512629508972,0.0,0.06419512629508972,1.0977299213409424,13894144.0,0.6407662630081177,0.012837110087275505,0.0,0.0001069137651938945,0.0008196721901185811,0.0013186030555516481,0.525912344455719,0.0070381551049649715,0.0,1.7818323613028042e-05,0.0003029115032404661,0.0009800078114494681,1.2223293781280518,0.6730848550796509,0.013745983131229877,0.0,7.127584103727713e-05,0.0005702067282982171,0.0016393443802371621,0.5198904871940613,0.0071220481768250465,0.0,7.127329445211217e-05,0.00014254658890422434,0.0007840062608011067
SBM-0.1-0.04,line,sg_aug,1000000000,0.01,0.1,1.0,1.0,02-05-02h22m,17.09430480003357,8769,0.00652346620336175,0.0,0.00652346620336175,26227.240234375,13894144.0,,,,,,,,,,,,,,,,,,,,,,,,,
SBM-0.1-0.04,n2v,sg,10,0.01,0.0,1.0,1.0,02-05-02h15m,38.449498891830444,79,932741.0,951735.375,1884476.375,0.0,3120247296.0,0.5021806359291077,0.007339816074818373,0.0,0.00039201712934300303,0.0006771204643882811,0.0011404134565964341,0.5002381205558777,0.007523410953581333,0.0,0.00019600156520027667,0.0005701863556168973,0.001086917705833912,1.3567590713500977,0.5001599788665771,0.007479676511138678,3.5637920518638566e-05,0.00035637919791042805,0.000641482591163367,0.0009265859262086451,0.5007538199424744,0.007528789807111025,0.0,0.0002494565269444138,0.0004276397521607578,0.001051281113177538
SBM-0.1-0.04,n2v,sg_aug,10,0.01,100.0,1.0,1.0,02-05-02h17m,37.35948348045349,79,18129.078125,0.0,18129.078125,29645.654296875,2083241472.0,0.5037427544593811,0.007635410875082016,3.5637920518638566e-05,0.00017818959895521402,0.0004989308654330671,0.0011760513298213482,0.5011509656906128,0.007347370032221079,0.00014254658890422434,0.00032072982867248356,0.0006414596573449671,0.0011047361185774207,1.3314749002456665,0.5059303641319275,0.007991534657776356,3.5637920518638566e-05,0.0001069137651938945,0.0004989308654330671,0.00110477558337152,0.500732958316803,0.007524014450609684,0.0,0.00016036491433624178,0.0007305512554012239,0.001354192616418004
SBM-0.1-0.04,n2v,sg_aug,100,0.01,100.0,1.0,1.0,02-05-02h16m,37.66335344314575,79,5674.6533203125,0.0,5674.6533203125,38639.80078125,2083241472.0,0.5030100345611572,0.007408366538584232,3.5637920518638566e-05,0.00024946543271653354,0.000427655060775578,0.00103349972050637,0.5006294250488281,0.007491093594580889,1.7818323613028042e-05,0.00016036491433624178,0.00039200313040055335,0.0009800078114494681,1.3567299842834473,0.50458163022995,0.007553162984549999,3.5637920518638566e-05,0.00028510336414910853,0.0005345687968656421,0.00103349972050637,0.5001296997070312,0.0076664406806230545,8.909161988412961e-05,0.0002138198760803789,0.0007305512554012239,0.001069099409505725
SBM-0.1-0.04,n2v,sg_aug,1000000000,0.01,0.1,1.0,1.0,02-05-02h18m,38.00636291503906,79,5674.6533203125,0.0,5674.6533203125,38639.80078125,2083241472.0,0.5025211572647095,0.007408366538584232,3.5637920518638566e-05,0.00024946543271653354,0.000427655060775578,0.00103349972050637,0.5011067986488342,0.007491093594580889,1.7818323613028042e-05,0.00016036491433624178,0.00039200313040055335,0.0009800078114494681,1.3567299842834473,0.503545880317688,0.007553162984549999,3.5637920518638566e-05,0.00028510336414910853,0.0005345687968656421,0.00103349972050637,0.5015031099319458,0.0076664406806230545,8.909161988412961e-05,0.0002138198760803789,0.0007305512554012239,0.001069099409505725
SBM-0.1-0.06,line,sg,10,0.01,0.0,1.0,1.0,02-05-02h27m,60.236971855163574,10019,4.951908111572266,27.856168746948242,32.808074951171875,0.0,14028288.0,0.7295979857444763,0.020406130701303482,0.0,6.240249786060303e-05,0.0008112324867397547,0.0018408737378194928,0.5051835775375366,0.006712647154927254,0.0,0.0,0.0001716015103738755,0.000686406041495502,1.1419591903686523,0.7696602940559387,0.02188991941511631,0.0,0.0,6.240249786060303e-05,0.0015600624028593302,0.5036448240280151,0.0068487245589494705,0.0,0.0,4.6800410927971825e-05,0.00048360423534177244
SBM-0.1-0.06,line,sg_aug,10,0.01,1.0,1.0,1.0,02-05-02h28m,56.601614236831665,10019,0.054924849420785904,0.0,0.054924849420785904,0.0958586111664772,13894144.0,0.6789296865463257,0.014823894016444683,0.0,0.0,0.0001560062519274652,0.0015912636881694198,0.5051395893096924,0.0066853719763457775,0.0,0.0,0.00028080245829187334,0.0004992043832316995,1.0790388584136963,0.7075733542442322,0.016055546700954437,0.0,0.0,3.120124893030152e-05,0.0010296412510797381,0.5069935321807861,0.006532164756208658,0.0,0.0,4.6800410927971825e-05,0.0006552057457156479
SBM-0.1-0.06,line,sg_aug,100,0.01,1.0,1.0,1.0,02-05-02h30m,56.24634122848511,10019,0.024462781846523285,0.0,0.024462781846523285,5.468599319458008,13894144.0,0.6803643107414246,0.015561657026410103,0.0,0.0,0.000218408735236153,0.0011856474447995424,0.5020675659179688,0.006574829574674368,0.0,0.0,0.0001716015103738755,0.0006084053311496973,1.1708228588104248,0.7134018540382385,0.01676311157643795,0.0,0.0,9.360374679090455e-05,0.001123244990594685,0.5023781657218933,0.006694769486784935,0.0,0.0,0.0,0.00039000343531370163
SBM-0.1-0.06,line,sg_aug,1000000000,0.01,0.1,1.0,1.0,02-05-02h31m,56.011802196502686,10019,0.0007050674175843596,0.0,0.0007050674175843596,30234.333984375,13894144.0,0.5121738314628601,0.008191253058612347,0.0,0.0003120125038549304,0.000436817470472306,0.0009360374533571303,0.49793741106987,0.007242647465318441,0.0,0.00010920096246991307,0.00042120370198972523,0.0008892078185454011,1.3559746742248535,0.5240932106971741,0.00839364156126976,0.0,0.0001560062519274652,0.0006240250077098608,0.0010920437052845955,0.49900510907173157,0.007113705389201641,0.0,9.360082185594365e-05,0.00024960219161584973,0.0006708058645017445
SBM-0.1-0.06,n2v,sg,10,0.01,0.0,1.0,1.0,02-05-02h23m,43.651888608932495,79,931006.1875,951602.3125,1882608.5,0.0,3120247296.0,0.509503185749054,0.008006333373486996,0.0,0.0001872074935818091,0.0005928237223997712,0.0011544461594894528,0.4990207850933075,0.00745919905602932,0.0,0.00023400205827783793,0.0005772050935775042,0.0010764094768092036,1.3758454322814941,0.5131605863571167,0.008576669730246067,3.120124893030152e-05,0.0003744149871636182,0.0008424337138421834,0.0011544461594894528,0.4997701942920685,0.0073490021750330925,0.0,0.00014040122914593667,0.00032760287285782397,0.0009828086476773024
SBM-0.1-0.06,n2v,sg_aug,10,0.01,100.0,1.0,1.0,02-05-02h25m,41.683459997177124,79,17858.62109375,0.0,17858.62109375,29726.431640625,2083241472.0,0.5049422383308411,0.007791941519826651,0.0,0.0003432137309573591,0.0005616224952973425,0.0009984399657696486,0.5009360909461975,0.0073046451434493065,0.0,0.00028080245829187334,0.0004056035540997982,0.0007800068706274033,1.3732879161834717,0.5003527998924255,0.007442930713295937,3.120124893030152e-05,0.0001560062519274652,0.0006552262348122895,0.0009984399657696486,0.5022457838058472,0.007817227393388748,3.120027395198122e-05,0.00035880313953384757,0.0005304046790115535,0.0011544101871550083
SBM-0.1-0.06,n2v,sg_aug,100,0.01,100.0,1.0,1.0,02-05-02h24m,42.0892333984375,79,5531.79296875,0.0,5531.79296875,38779.3203125,2083241472.0,0.5087006092071533,0.007907477207481861,0.0,0.00012480499572120607,0.00024960999144241214,0.0009360374533571303,0.498814195394516,0.007596881128847599,0.0,0.00029640260618180037,0.00042120370198972523,0.0008424074039794505,1.374415636062622,0.5084484219551086,0.007911410182714462,0.0,0.0003432137309573591,0.0008424337138421834,0.0013416537549346685,0.49886849522590637,0.007553599309176207,1.560013697599061e-05,0.00026520233950577676,0.0005928052123636007,0.0009048079373314977
SBM-0.1-0.06,n2v,sg_aug,1000000000,0.01,0.1,1.0,1.0,02-05-02h26m,42.64168334007263,79,5531.79296875,0.0,5531.79296875,38779.31640625,2083241472.0,0.5118076205253601,0.007907477207481861,0.0,0.00012480499572120607,0.00024960999144241214,0.0009360374533571303,0.4994339942932129,0.007596881128847599,0.0,0.00029640260618180037,0.00042120370198972523,0.0008424074039794505,1.374415636062622,0.5085423588752747,0.007911410182714462,0.0,0.0003432137309573591,0.0008424337138421834,0.0013416537549346685,0.49906525015830994,0.007553599309176207,1.560013697599061e-05,0.00026520233950577676,0.0005928052123636007,0.0009048079373314977
SBM-0.1-0.08,line,sg,10,0.01,0.0,1.0,1.0,02-05-02h37m,68.40799713134766,11279,14.5296049118042,55.447017669677734,69.97662353515625,0.0,14028288.0,0.7495166659355164,0.02259286865592003,0.0,0.0,0.0004988083965145051,0.002438618801534176,0.5030477046966553,0.006573307793587446,0.0,0.0,8.313473517773673e-05,0.0002632599789649248,1.2265048027038574,0.7791773676872253,0.024463914334774017,0.0,0.0,0.0005819431389681995,0.0026048882864415646,0.50198894739151,0.006507403217256069,0.0,0.0,1.3855788893124554e-05,0.0002771157887764275
SBM-0.1-0.08,line,sg_aug,10,0.01,1.0,1.0,1.0,02-05-02h38m,63.705406188964844,11279,0.12323243170976639,0.0,0.12323243170976639,0.06048879772424698,13894144.0,0.6804346442222595,0.014897141605615616,0.0,2.771157778624911e-05,0.00047109683509916067,0.0013578672660514712,0.5003045201301575,0.006628803443163633,0.0,0.0,2.771157778624911e-05,0.0003325389407109469,1.2303893566131592,0.702461302280426,0.01537900511175394,0.0,0.0,0.0002771157887764275,0.0008867704891599715,0.5004138946533203,0.006395500153303146,0.0,0.0,1.3855788893124554e-05,0.00029097156948409975
SBM-0.1-0.08,line,sg_aug,100,0.01,1.0,1.0,1.0,02-05-02h40m,62.90893769264221,11279,0.08095530420541763,0.0,0.08095530420541763,5.351706504821777,13894144.0,0.680954098701477,0.015385503880679607,0.0,0.0,0.0007205010042525828,0.0015518483705818653,0.5006969571113586,0.0064931875094771385,0.0,0.0,0.00016626947035547346,0.0005403757677413523,1.297622799873352,0.7065415978431702,0.015679404139518738,0.0,0.0,0.00047109683509916067,0.001219309400767088,0.5015191435813904,0.006537356413900852,0.0,0.0,0.0,0.0002078368270304054
SBM-0.1-0.08,line,sg_aug,1000000000,0.01,0.1,1.0,1.0,02-05-02h41m,63.02676486968994,11279,0.0007118374342098832,0.0,0.0007118374342098832,33929.26953125,13894144.0,0.5304815769195557,0.0087626613676548,5.542315557249822e-05,0.0003325389407109469,0.0007759241852909327,0.0013301557628437877,0.4995397925376892,0.007469620555639267,1.3855788893124554e-05,6.927894719410688e-05,0.0004849526158068329,0.0008867704891599715,1.3701155185699463,0.5374333262443542,0.008806568570435047,0.0,0.00022169262228999287,0.000554231577552855,0.0010530399158596992,0.4982982873916626,0.007547744084149599,0.0,0.00038796209264546633,0.0004849526158068329,0.0009560494218021631
SBM-0.1-0.08,n2v,sg,10,0.01,0.0,1.0,1.0,02-05-02h32m,47.91622257232666,79,933780.125,951795.125,1885575.25,0.0,3120247296.0,0.5231285691261292,0.008782763034105301,0.0,0.000304827350191772,0.0007205010042525828,0.0012470210203900933,0.5008639097213745,0.007039989810436964,0.0,0.00016626947035547346,0.000304827350191772,0.0007759241852909327,1.3864352703094482,0.5281417369842529,0.008898482657968998,2.771157778624911e-05,0.0003325389407109469,0.0008036357467062771,0.0014964252477511764,0.49991515278816223,0.007370627019554377,0.0,0.0002494041982572526,0.00040181787335313857,0.0008452031179331243
SBM-0.1-0.08,n2v,sg_aug,10,0.01,100.0,1.0,1.0,02-05-02h35m,46.52636981010437,79,17654.4921875,0.0,17654.4921875,29687.626953125,2083241472.0,0.5225533246994019,0.008234063163399696,0.0,0.00016626947035547346,0.0007205010042525828,0.001219309400767088,0.5025720596313477,0.00737615255638957,0.0,0.0001801252510631457,0.0004156736540608108,0.0007343568140640855,1.3916107416152954,0.5270943641662598,0.008860430680215359,0.0,0.0003325389407109469,0.000914482050575316,0.0016349831130355597,0.5018491148948669,0.007325375452637672,0.0,0.00023554841754958034,0.0005403757677413523,0.0009283378603868186
SBM-0.1-0.08,n2v,sg_aug,100,0.01,100.0,1.0,1.0,02-05-02h33m,46.56313753128052,79,5324.720703125,0.0,5324.720703125,38693.671875,2083241472.0,0.5114089250564575,0.008486613631248474,0.0,0.0002771157887764275,0.0006373662617988884,0.000914482050575316,0.49838829040527344,0.007191345561295748,0.0,8.313473517773673e-05,0.0003741063119377941,0.0009699052316136658,1.3846039772033691,0.518191933631897,0.008514114655554295,0.00013855789438821375,0.0003602505021262914,0.000609654700383544,0.0014410020085051656,0.5013435482978821,0.007437855936586857,0.0,0.00011084631114499643,0.0004849526158068329,0.0008729146793484688
SBM-0.1-0.08,n2v,sg_aug,1000000000,0.01,0.1,1.0,1.0,02-05-02h36m,46.40907883644104,79,5324.720703125,0.0,5324.720703125,38693.671875,2083241472.0,0.5125782489776611,0.008486613631248474,0.0,0.0002771157887764275,0.0006373662617988884,0.000914482050575316,0.4998572766780853,0.007191345561295748,0.0,8.313473517773673e-05,0.0003741063119377941,0.0009699052316136658,1.3846039772033691,0.5195320844650269,0.008514114655554295,0.00013855789438821375,0.0003602505021262914,0.000609654700383544,0.0014410020085051656,0.49921754002571106,0.007437855936586857,0.0,0.00011084631114499643,0.0004849526158068329,0.0008729146793484688
SBM-0.1-0.1,line,sg,10,0.01,0.0,1.0,1.0,02-05-02h47m,75.34690165519714,12519,14.207404136657715,46.249366760253906,60.45677185058594,0.0,14028288.0,0.7470080852508545,0.022258033975958824,0.0,4.9932590627577156e-05,7.489888230338693e-05,0.002771258819848299,0.5005429983139038,0.006519203539937735,0.0,0.0,2.4966295313788578e-05,0.0003620112838689238,1.2236883640289307,0.7717913389205933,0.02350599691271782,0.0,0.0,0.0003495281271170825,0.001947371056303382,0.5014140605926514,0.006421014666557312,0.0,0.0,3.744944115169346e-05,0.0006366405286826193
SBM-0.1-0.1,line,sg_aug,10,0.01,1.0,1.0,1.0,02-05-02h49m,71.15262818336487,12519,0.2603974938392639,0.0,0.2603974938392639,0.0553889274597168,13894144.0,0.6787776350975037,0.014739962294697762,0.0,9.986518125515431e-05,0.00014979776460677385,0.00139811250846833,0.4966467618942261,0.00641395291313529,0.0,0.0,8.738203177927062e-05,0.00041194388177245855,1.268156886100769,0.7022190093994141,0.01511440984904766,0.0,0.0,0.00014979776460677385,0.0011234832927584648,0.4981101453304291,0.00648531224578619,0.0,0.0,1.2483147656894289e-05,0.0007115394109860063
SBM-0.1-0.1,line,sg_aug,100,0.01,1.0,1.0,1.0,02-05-02h50m,69.93308091163635,12519,0.2992856800556183,0.0,0.2992856800556183,2.1003479957580566,13894144.0,0.6739495992660522,0.014344468712806702,0.0,2.4966295313788578e-05,0.00019973036251030862,0.0014480451354756951,0.498047411441803,0.006456502713263035,0.0,0.0,9.986518125515431e-05,0.00039946072502061725,1.1733845472335815,0.7002185583114624,0.01463739387691021,0.0,0.0,0.0004743596073240042,0.0010735506657510996,0.4974134862422943,0.006471012718975544,0.0,0.0,2.4966295313788578e-05,0.0005367753328755498
SBM-0.1-0.1,line,sg_aug,1000000000,0.01,0.1,1.0,1.0,02-05-02h52m,71.09797787666321,12519,0.00024033409135881811,0.0,0.00024033409135881811,36951.98046875,13894144.0,0.5237376093864441,0.008495831862092018,0.0,0.0004244270094204694,0.0008488540188409388,0.0016477755270898342,0.49884676933288574,0.007204500958323479,1.2483147656894289e-05,0.0002122135047102347,0.0003495281271170825,0.000936236057896167,1.3793561458587646,0.536241352558136,0.008918412029743195,0.0,0.0002995955292135477,0.0007240225677378476,0.0014730114489793777,0.5017691850662231,0.007230130489915609,0.0,0.0002122135047102347,0.0004993259208276868,0.0008613371755927801
SBM-0.1-0.1,n2v,sg,10,0.01,0.0,1.0,1.0,02-05-02h42m,52.97830533981323,79,931607.0,953160.6875,1884767.75,0.0,3120247296.0,0.529037594795227,0.008692273870110512,0.0,0.0002995955292135477,0.0007739551365375519,0.0014230788219720125,0.49969178438186646,0.007572428788989782,2.4966295313788578e-05,0.0002371798036620021,0.0007365057244896889,0.0012607979588210583,1.3868780136108398,0.531610369682312,0.009225969202816486,2.4966295313788578e-05,0.0002995955292135477,0.0007739551365375519,0.001048584352247417,0.5008329749107361,0.007522411644458771,1.2483147656894289e-05,0.00018724722031038254,0.0006740899989381433,0.001285764155909419
SBM-0.1-0.1,n2v,sg_aug,10,0.01,100.0,1.0,1.0,02-05-02h45m,50.901087284088135,79,17324.359375,0.0,17324.359375,29705.017578125,2083241472.0,0.5120952129364014,0.008108357898890972,0.0,0.00017476406355854124,0.0006491236854344606,0.0012982473708689213,0.4990766644477844,0.007572879549115896,2.4966295313788578e-05,0.00013731462240684777,0.0004369101661723107,0.0011484496062621474,1.3860387802124023,0.5136250257492065,0.007767745293676853,2.4966295313788578e-05,0.000224696661462076,0.000449393322924152,0.0011234832927584648,0.49825361371040344,0.007346039172261953,2.4966295313788578e-05,0.00027462924481369555,0.0004868427640758455,0.0009861686266958714
SBM-0.1-0.1,n2v,sg_aug,100,0.01,100.0,1.0,1.0,02-05-02h44m,51.46314311027527,79,5245.83349609375,0.0,5245.83349609375,38726.99609375,2083241472.0,0.5064086318016052,0.007997860200703144,9.986518125515431e-05,0.000224696661462076,0.000449393322924152,0.0009237529011443257,0.4983202815055847,0.007470923010259867,4.9932590627577156e-05,0.0002496629604138434,0.0006116742151789367,0.0011234832927584648,1.387955665588379,0.5118309855461121,0.007818835787475109,0.0,0.0002496629604138434,0.0004244270094204694,0.0008488540188409388,0.5006703734397888,0.0074141975492239,0.0,0.00018724722031038254,0.000699056254234165,0.0009487192146480083
SBM-0.1-0.1,n2v,sg_aug,1000000000,0.01,0.1,1.0,1.0,02-05-02h46m,51.672717332839966,79,5245.83349609375,0.0,5245.83349609375,38726.9921875,2083241472.0,0.5107420086860657,0.007997860200703144,9.986518125515431e-05,0.000224696661462076,0.000449393322924152,0.0009237529011443257,0.4992119371891022,0.007470923010259867,4.9932590627577156e-05,0.0002496629604138434,0.0006116742151789367,0.0011234832927584648,1.387955665588379,0.5153591632843018,0.007818835787475109,0.0,0.0002496629604138434,0.0004244270094204694,0.0008488540188409388,0.5001891255378723,0.0074141975492239,0.0,0.00018724722031038254,0.000699056254234165,0.0009487192146480083
SBM-0.2-0.002,line,sg,10,0.01,0.0,1.0,1.0,02-05-01h50m,76.52144145965576,12624,18.77313995361328,109.52040100097656,128.29354858398438,0.0,14028288.0,0.7923724055290222,0.016382239758968353,9.902460442390293e-05,0.0008417091448791325,0.001633905922062695,0.002896469784900546,0.7713786959648132,0.012840035371482372,2.475553992553614e-05,0.0003341997798997909,0.0007302884478121996,0.001559599069878459,0.9882183074951172,0.8043379187583923,0.017945224419236183,0.0,0.0006189037812873721,0.0014606128679588437,0.0036143979523330927,0.7712602615356445,0.012342163361608982,2.475553992553614e-05,0.0003341997798997909,0.0006683995597995818,0.0017576433019712567
SBM-0.2-0.002,line,sg_aug,10,0.01,1.0,1.0,1.0,02-05-01h52m,71.18808770179749,12624,0.0015524167101830244,0.0,0.0015524167101830244,0.18957728147506714,13894144.0,0.7811840176582336,0.014195440337061882,0.0,0.0008169529610313475,0.0013863444328308105,0.0027231767307966948,0.7695099115371704,0.013002854771912098,0.0,0.0003837108670268208,0.0015472212107852101,0.0020423319656401873,1.0033317804336548,0.7839648723602295,0.014018449001014233,2.4756151105975732e-05,0.00042085457243956625,0.001064514508470893,0.0018319551600143313,0.768985390663147,0.01326289214193821,0.0,0.000495110813062638,0.0008540661074221134,0.001955687766894698
SBM-0.2-0.002,line,sg_aug,100,0.01,1.0,1.0,1.0,02-05-01h53m,70.73527956008911,12624,8.392386371269822e-05,0.0,8.392386371269822e-05,457.1217346191406,13894144.0,0.7769052982330322,0.014411038719117641,0.0,0.0005941475974395871,0.0012625637464225292,0.0023765903897583485,0.7734447717666626,0.013071423396468163,4.951107985107228e-05,0.00039608863880857825,0.0012377769453451037,0.002116598654538393,1.0019737482070923,0.7830350399017334,0.014544118195772171,0.0,0.0005941475974395871,0.0009902460733428597,0.002302322071045637,0.7722228765487671,0.013096948154270649,0.0,0.00048273304128088057,0.0009407105389982462,0.002091843169182539
SBM-0.2-0.002,line,sg_aug,1000000000,0.01,0.1,1.0,1.0,02-05-01h54m,70.87250661849976,12624,0.0003432146040722728,0.0,0.0003432146040722728,29194.39453125,13894144.0,0.7721200585365295,0.014160717837512493,0.0,0.0007426845259033144,0.0013120759977027774,0.0018319551600143313,0.7690726518630981,0.013333052396774292,2.475553992553614e-05,0.00053224409930408,0.0007921772776171565,0.0016709989868104458,1.0070356130599976,0.7762562036514282,0.01514902338385582,4.9512302211951464e-05,0.0008664652705192566,0.0014358568005263805,0.0023765903897583485,0.7715610265731812,0.013435401022434235,0.0,0.0003341997798997909,0.0013367991195991635,0.0024507984053343534
SBM-0.2-0.002,n2v,sg,10,0.01,0.0,1.0,1.0,02-05-01h45m,52.298383712768555,79,578510.8125,1161050.5,1739561.25,0.0,3120247296.0,0.7800881266593933,0.014150531031191349,7.426844967994839e-05,0.0003713422629516572,0.001163539127446711,0.0019309797789901495,0.7736654281616211,0.013104172423481941,2.475553992553614e-05,0.000556999642867595,0.0007179106469266117,0.0018319099908694625,1.0476112365722656,0.7847715020179749,0.014755915850400925,7.426844967994839e-05,0.0004951230366714299,0.0011882951948791742,0.0024508589413017035,0.7735809683799744,0.013006632216274738,0.0,0.0005074885557405651,0.000990221626125276,0.002116598654538393
SBM-0.2-0.002,n2v,sg_aug,10,0.01,100.0,1.0,1.0,02-05-01h48m,51.86537432670593,79,34754.1484375,0.0,34754.1484375,24418.1328125,2083241472.0,0.6471845507621765,0.008838004432618618,7.426844967994839e-05,0.000544635346159339,0.001064514508470893,0.0020052483305335045,0.6447442173957825,0.008924232795834541,1.237776996276807e-05,0.0003341997798997909,0.0009407105389982462,0.0023393984884023666,1.0458678007125854,0.776436984539032,0.014311101287603378,2.4756151105975732e-05,0.0004951230366714299,0.0014111006166785955,0.002178541384637356,0.7696754336357117,0.013135497458279133,0.0,0.000495110813062638,0.00111399928573519,0.0019309321651235223
SBM-0.2-0.002,n2v,sg_aug,100,0.01,100.0,1.0,1.0,02-05-01h47m,51.39662575721741,79,12545.9736328125,0.0,12545.9736328125,32680.2265625,2083241472.0,0.5128934383392334,0.007878261618316174,0.0,0.0,4.9512302211951464e-05,4.9512302211951464e-05,0.5105500221252441,0.007484345231205225,0.0,1.237776996276807e-05,1.237776996276807e-05,2.475553992553614e-05,1.0479962825775146,0.5248590707778931,0.00809603463858366,0.0,4.9512302211951464e-05,7.426844967994839e-05,0.00017329305410385132,0.5211697816848755,0.0076031615026295185,0.0,1.237776996276807e-05,4.951107985107228e-05,8.664438792038709e-05
SBM-0.2-0.002,n2v,sg_aug,1000000000,0.01,0.1,1.0,1.0,02-05-01h49m,51.934473752975464,79,12545.9736328125,0.0,12545.9736328125,32680.224609375,2083241472.0,0.5125260353088379,0.007878261618316174,0.0,0.0,4.9512302211951464e-05,4.9512302211951464e-05,0.5113587975502014,0.007484345231205225,0.0,1.237776996276807e-05,1.237776996276807e-05,2.475553992553614e-05,1.0479962825775146,0.5232728123664856,0.00809603463858366,0.0,4.9512302211951464e-05,7.426844967994839e-05,0.00017329305410385132,0.522150456905365,0.0076031615026295185,0.0,1.237776996276807e-05,4.951107985107228e-05,8.664438792038709e-05
SBM-0.3-0.002,line,sg,10,0.01,0.0,1.0,1.0,02-05-01h37m,115.5939633846283,18839,23.988262176513672,90.0257568359375,114.01402282714844,0.0,14028288.0,0.7973820567131042,0.015966584905982018,3.3177399018313736e-05,0.0005308383842930198,0.0012773298658430576,0.0027039579581469297,0.7904834747314453,0.012876559048891068,8.294349754578434e-06,0.00034836269333027303,0.0007879632175900042,0.001692047342658043,1.0305670499801636,0.8054572939872742,0.016732996329665184,3.3177399018313736e-05,0.0005806044791825116,0.001692047342658043,0.003135264152660966,0.7904250025749207,0.012870489619672298,0.0,0.0005640157614834607,0.0011612089583650231,0.0023638897109776735
SBM-0.3-0.002,line,sg_aug,10,0.01,1.0,1.0,1.0,02-05-01h39m,106.91745042800903,18839,0.00037857613642700016,0.0,0.00037857613642700016,7.607452392578125,13894144.0,0.7952440977096558,0.013240410014986992,0.0,0.0003815400996245444,0.0013934507733210921,0.0018247569678351283,0.7900975942611694,0.013404722325503826,1.6588699509156868e-05,0.0004727779305540025,0.0010119106154888868,0.002106764819473028,1.0200306177139282,0.7962684035301208,0.01381257176399231,3.3177399018313736e-05,0.0004313061945140362,0.0006801366689614952,0.0016256925882771611,0.790256917476654,0.013462010771036148,5.8060446463059634e-05,0.0003400683344807476,0.0008792010485194623,0.00198234966956079
SBM-0.3-0.002,line,sg_aug,100,0.01,1.0,1.0,1.0,02-05-01h41m,107.763991355896,18839,0.00026663055177778006,0.0,0.00026663055177778006,579.2256469726562,13894144.0,0.7930575609207153,0.013645959086716175,0.0,0.0005308383842930198,0.0012109751114621758,0.0019408778753131628,0.7904301285743713,0.013281569816172123,2.4883049263735302e-05,0.0004064231470692903,0.0008626123890280724,0.0017086360603570938,1.0219614505767822,0.7944650053977966,0.013949975371360779,1.6588699509156868e-05,0.00019906439410988241,0.0013270960189402103,0.0020569986663758755,0.7905606627464294,0.013202201575040817,0.0,0.0004147174768149853,0.000588898838032037,0.0018330513266846538
SBM-0.3-0.002,line,sg_aug,1000000000,0.01,0.1,1.0,1.0,02-05-01h43m,107.52848172187805,18839,5.245217380434042e-06,0.0,5.245217380434042e-06,41240.15625,13894144.0,0.5952369570732117,0.007747110445052385,0.0,0.0,3.3177399018313736e-05,0.00011612089292611927,0.5958256125450134,0.007727344986051321,0.0,8.294349754578434e-06,8.294349754578434e-06,1.6588699509156868e-05,1.0273444652557373,0.6450824737548828,0.007995044812560081,0.0,0.0004147174768149853,0.0010616767685860395,0.0023058291990309954,0.6457821726799011,0.007563789840787649,8.294349754578434e-06,0.0004561892419587821,0.0010036163730546832,0.0018662286456674337
SBM-0.3-0.002,n2v,sg,10,0.01,0.0,1.0,1.0,02-05-01h31m,76.1251003742218,79,519599.625,1198063.5,1717663.125,0.0,3120247296.0,0.7936078906059265,0.014867143705487251,0.0,0.0005971931968815625,0.0010782654862850904,0.002372184069827199,0.7902689576148987,0.013415869325399399,2.4883049263735302e-05,0.0004561892419587821,0.0011280315229669213,0.0020404099486768246,0.94163978099823,0.7926192879676819,0.014381400309503078,6.635479803662747e-05,0.0003649513819254935,0.0009787332965061069,0.0022892404813319445,0.7902668118476868,0.013170097023248672,8.294349754578434e-06,0.0005391327431425452,0.0012939185835421085,0.002264357404783368
SBM-0.3-0.002,n2v,sg_aug,10,0.01,100.0,1.0,1.0,02-05-01h34m,73.89747428894043,79,42444.4140625,0.0,42444.4140625,22373.154296875,2083241472.0,0.7902572751045227,0.013766531832516193,4.9766098527470604e-05,0.0004313061945140362,0.0007796688587404788,0.002123353537172079,0.7881830930709839,0.01327894814312458,8.294349754578434e-06,0.00039812878821976483,0.0012192694703117013,0.002065293025225401,0.9350059628486633,0.7922792434692383,0.014706127345561981,3.3177399018313736e-05,0.0004976610071025789,0.0012441524304449558,0.0030025546438992023,0.7881842255592346,0.013142107985913754,1.6588699509156868e-05,0.0004147174768149853,0.001302212942391634,0.0020984704606235027
SBM-0.3-0.002,n2v,sg_aug,100,0.01,100.0,1.0,1.0,02-05-01h33m,74.83341431617737,79,16269.5234375,0.0,16269.5234375,30605.2265625,2083241472.0,0.6577962040901184,0.007964381948113441,0.0,0.0003649513819254935,0.0008460236713290215,0.0015095716807991266,0.6583592891693115,0.00769782904535532,4.147175059188157e-05,0.0003815400996245444,0.0009289671434089541,0.001692047342658043,0.9374508857727051,0.7839252948760986,0.013609450310468674,1.6588699509156868e-05,0.00046448357170447707,0.0013602733379229903,0.002405361505225301,0.780919075012207,0.012884079478681087,0.0,0.0003400683344807476,0.0010284993331879377,0.0022892404813319445
SBM-0.3-0.002,n2v,sg_aug,1000000000,0.01,0.1,1.0,1.0,02-05-01h36m,74.04016065597534,79,16269.5234375,0.0,16269.5234375,30605.224609375,2083241472.0,0.6574195623397827,0.007964381948113441,0.0,0.0003649513819254935,0.0008460236713290215,0.0015095716807991266,0.6577095985412598,0.00769782904535532,4.147175059188157e-05,0.0003815400996245444,0.0009289671434089541,0.001692047342658043,0.9374508857727051,0.7830273509025574,0.013609450310468674,1.6588699509156868e-05,0.00046448357170447707,0.0013602733379229903,0.002405361505225301,0.7853139638900757,0.012884079478681087,0.0,0.0003400683344807476,0.0010284993331879377,0.0022892404813319445
SBM-0.4-0.002,line,sg,10,0.01,0.0,1.0,1.0,02-05-01h20m,152.56646943092346,25124,12.899641036987305,41.47509765625,54.37474060058594,0.0,14028288.0,0.8123880624771118,0.014650017023086548,7.463614747393876e-05,0.0005597711424343288,0.0013558900682255626,0.002462992910295725,0.8114157915115356,0.0133437504991889,3.109839599346742e-05,0.0004291578661650419,0.0009764896240085363,0.0022826222702860832,0.8124610185623169,0.8187916278839111,0.015296795405447483,3.731807373696938e-05,0.00028610523440875113,0.0012812538770958781,0.0019156611524522305,0.8113120198249817,0.013083934783935547,6.219679198693484e-05,0.0004291578661650419,0.0010449060937389731,0.0019529792480170727
SBM-0.4-0.002,line,sg_aug,10,0.01,1.0,1.0,1.0,02-05-01h23m,142.91587042808533,25124,7.748632015136536e-06,0.0,7.748632015136536e-06,0.7563682794570923,13894144.0,0.8135773539543152,0.013693667948246002,0.0,0.0004478168848436326,0.0012563752243295312,0.0025500685442239046,0.8112677931785583,0.013368383049964905,6.219679107744014e-06,0.0002674462157301605,0.000964050239417702,0.002251523779705167,0.8164732456207275,0.8151887655258179,0.013606565073132515,2.4878716430976056e-05,0.0002736658789217472,0.0005722104688175023,0.0018659037305042148,0.8099056482315063,0.01304632518440485,0.0,0.0004042791551910341,0.0009889289503917098,0.0020898121874779463
SBM-0.4-0.002,line,sg_aug,100,0.01,1.0,1.0,1.0,02-05-01h26m,142.1966552734375,25124,8.786000398686156e-05,0.0,8.786000398686156e-05,435.85382080078125,13894144.0,0.8133106827735901,0.013849961571395397,0.0,0.00038562010740861297,0.0010573454201221466,0.0021520089358091354,0.8092690706253052,0.013433495536446571,4.353775511845015e-05,0.0004104988183826208,0.0012128374073654413,0.0021582285407930613,0.8130224943161011,0.8142345547676086,0.01342867873609066,0.0,0.00018659037596080452,0.0008956337696872652,0.0013807687209919095,0.808577299118042,0.013097687624394894,0.0,0.0004042791551910341,0.0012688145507127047,0.0021022516302764416
SBM-0.4-0.002,line,sg_aug,1000000000,0.01,0.1,1.0,1.0,02-05-01h28m,144.05687165260315,25124,4.768372150465439e-07,0.0,4.768372150465439e-07,48848.65625,13894144.0,0.6516447067260742,0.00764887873083353,0.0,0.00023634781246073544,0.0005970891797915101,0.002052494091913104,0.6518403887748718,0.007464969530701637,6.219679107744014e-06,0.00030476428219117224,0.0008707550587132573,0.0015922378515824676,0.8110527396202087,0.7626280784606934,0.012003921903669834,0.0,0.00024878716794773936,0.0007463615038432181,0.0015922378515824676,0.7614975571632385,0.011899812147021294,6.219679198693484e-05,0.000416718510678038,0.000833437021356076,0.0021955466363579035
SBM-0.4-0.002,n2v,sg,10,0.01,0.0,1.0,1.0,02-05-01h12m,98.08704018592834,79,489246.625,1217931.25,1707177.875,0.0,3120247296.0,0.8159732818603516,0.013918791897594929,0.00012439358397386968,0.0004975743358954787,0.0014429655857384205,0.0024256748147308826,0.8097553849220276,0.01334728579968214,0.0,0.00014305261720437557,0.0011257618898525834,0.0017788282129913568,0.8960009217262268,0.8150227665901184,0.014079689048230648,1.2439358215488028e-05,0.0003980594628956169,0.001131981611251831,0.0017663888866081834,0.8100706338882446,0.013281822204589844,3.109839599346742e-05,0.0004291578661650419,0.001026247045956552,0.001691752695478499
SBM-0.4-0.002,n2v,sg_aug,10,0.01,100.0,1.0,1.0,02-05-01h16m,97.44535875320435,79,45775.8828125,0.0,45775.8828125,20794.54296875,2083241472.0,0.8110809922218323,0.013755500316619873,0.0,0.00028610523440875113,0.001219057128764689,0.0018659037305042148,0.8098823428153992,0.01314588077366352,3.109839599346742e-05,0.000342082348652184,0.0012066178023815155,0.0017663888866081834,0.8931358456611633,0.8125611543655396,0.014223484322428703,2.4878716430976056e-05,0.0006095285643823445,0.0011071028420701623,0.0024007961619645357,0.8100200891494751,0.013664774596691132,1.865903686848469e-05,0.00035452170413918793,0.0006530663231387734,0.001841024961322546
SBM-0.4-0.002,n2v,sg_aug,100,0.01,100.0,1.0,1.0,02-05-01h14m,96.83582758903503,79,17815.158203125,0.0,17815.158203125,29071.056640625,2083241472.0,0.6494819521903992,0.007786935195326805,2.4878716430976056e-05,0.0004975743358954787,0.000920512480661273,0.0014429655857384205,0.6518148183822632,0.007739311084151268,6.219679107744014e-06,0.0004478168848436326,0.0009951486717909575,0.0021768875885754824,0.8916056752204895,0.7957069277763367,0.012560201808810234,0.0,0.0003483020409476012,0.0010573454201221466,0.002015175996348262,0.7962847352027893,0.012349534779787064,2.4878716430976056e-05,0.0005286727100610733,0.0007712402148172259,0.002114690840244293
SBM-0.4-0.002,n2v,sg_aug,1000000000,0.01,0.1,1.0,1.0,02-05-01h18m,97.53181505203247,79,17815.158203125,0.0,17815.158203125,29071.056640625,2083241472.0,0.650061845779419,0.007786935195326805,2.4878716430976056e-05,0.0004975743358954787,0.000920512480661273,0.0014429655857384205,0.6519144773483276,0.007739311084151268,6.219679107744014e-06,0.0004478168848436326,0.0009951486717909575,0.0021768875885754824,0.8916056752204895,0.7951279282569885,0.012560201808810234,0.0,0.0003483020409476012,0.0010573454201221466,0.002015175996348262,0.7968009114265442,0.012349534779787064,2.4878716430976056e-05,0.0005286727100610733,0.0007712402148172259,0.002114690840244293
SBM-0.475-0.002,line,sg,10,0.01,0.0,1.0,1.0,02-05-01h01m,107.94924807548523,29779,8.555562973022461,26.820178985595703,35.37574005126953,0.0,14028288.0,0.649969756603241,0.008610795252025127,9.445447358302772e-05,0.00040930270915850997,0.0009865245083346963,0.0024558163713663816,0.5208332538604736,0.007909726351499557,3.14848221023567e-05,0.00031484823557548225,0.0008133579394780099,0.0012121656909585,0.7810319662094116,,,,,,,,,,,,
SBM-0.475-0.002,line,sg_aug,10,0.01,1.0,1.0,1.0,02-05-01h03m,169.38791394233704,29779,8.702316335984506e-06,0.0,8.702316335984506e-06,9.648606300354004,13894144.0,0.8256962299346924,0.013494268991053104,0.0,0.0002938583493232727,0.001259392942301929,0.002130473032593727,0.8255816102027893,0.013290982693433762,1.574241105117835e-05,0.0003043533070012927,0.0007608832675032318,0.0017841400112956762,0.8650238513946533,0.8258644938468933,0.013682807795703411,1.0494941307115369e-05,0.0004617774102371186,0.0009970194660127163,0.002476806053891778,0.8252741694450378,0.013162626884877682,5.247470653557684e-06,0.0004932622541673481,0.0011649384396150708,0.002130473032593727
SBM-0.475-0.002,line,sg_aug,100,0.01,1.0,1.0,1.0,02-05-01h06m,170.53464484214783,29779,7.77273962739855e-05,0.0,7.77273962739855e-05,620.6266479492188,13894144.0,0.8271807432174683,0.013431541621685028,0.0,0.00024138364824466407,0.0010180092649534345,0.002057008445262909,0.8249488472938538,0.013163414783775806,6.821711576776579e-05,0.0004355400742497295,0.000855337711982429,0.0019940389320254326,0.8642829656600952,0.827999472618103,0.01316566951572895,1.0494941307115369e-05,0.0003358381218276918,0.0009340497781522572,0.0021829477045685053,0.825625479221344,0.013168612495064735,3.14848221023567e-05,0.00045128248166292906,0.0010442467173561454,0.0018156248843297362
SBM-0.475-0.002,line,sg_aug,1000000000,0.01,0.1,1.0,1.0,02-05-01h09m,171.03440237045288,29779,-0.0,0.0,0.0,52882.7890625,13894144.0,0.660028338432312,0.007642118725925684,9.445447358302772e-05,0.0004302925954107195,0.0009655345929786563,0.0022669073659926653,0.6603491306304932,0.007454240694642067,5.247470653557684e-06,0.0003043533070012927,0.0008238528971560299,0.0019468115642666817,0.8676189184188843,0.7999260425567627,0.01341271586716175,1.0494941307115369e-05,0.00024138364824466407,0.000871080148499459,0.0022459174506366253,0.8001251816749573,0.013058941811323166,5.247470653557684e-06,0.00045652996050193906,0.0010127618443220854,0.0019625539425760508
SBM-0.475-0.002,n2v,sg,10,0.01,0.0,1.0,1.0,02-05-00h52m,115.21871256828308,79,474580.40625,1226338.0,1700918.375,0.0,3120247296.0,0.8289319276809692,0.014154651202261448,0.0,0.0005037571536377072,0.0008815750479698181,0.0017841400112956762,0.824449896812439,0.013075422495603561,0.0,0.0002466311270836741,0.0010022668866440654,0.0023088871967047453,0.8989169597625732,0.8292855024337769,0.013991503976285458,3.14848221023567e-05,0.0003883128229063004,0.0011019688099622726,0.002613240387290716,0.8242367506027222,0.01331343688070774,5.247470653557684e-06,0.00034633305040188134,0.0007189034949988127,0.0021252257283777
SBM-0.475-0.002,n2v,sg_aug,10,0.01,100.0,1.0,1.0,02-05-00h57m,117.65663743019104,79,50117.78125,0.0,50117.78125,19992.11328125,2083241472.0,0.8239728212356567,0.013751809485256672,1.0494941307115369e-05,0.00031484823557548225,0.0006506863865070045,0.002193442778661847,0.8227893114089966,0.013064836151897907,1.0494941307115369e-05,0.00041455018799751997,0.0009917719289660454,0.002146215410903096,0.8974801301956177,0.8286935687065125,0.013716056011617184,1.0494941307115369e-05,0.0003043533070012927,0.0009340497781522572,0.002130473032593727,0.8248419165611267,0.01333369966596365,5.247470653557684e-06,0.0003725704154931009,0.0011544435983523726,0.0022039376199245453
SBM-0.475-0.002,n2v,sg_aug,100,0.01,100.0,1.0,1.0,02-05-00h54m,114.38979434967041,79,20192.029296875,0.0,20192.029296875,28332.177734375,2083241472.0,0.7820140719413757,0.012631228193640709,4.1979765228461474e-05,0.0003673229366540909,0.0009655345929786563,0.0019835438579320908,0.7836918234825134,0.012033622711896896,1.574241105117835e-05,0.00045128248166292906,0.0010809790110215545,0.002057008445262909,0.8817386627197266,0.8256953954696655,0.013770423829555511,1.0494941307115369e-05,0.0006401914288289845,0.0009235548204742372,0.002676210133358836,0.8256298303604126,0.013273567892611027,3.673229366540909e-05,0.00028861089958809316,0.0007976155611686409,0.0018261198420077562
SBM-0.475-0.002,n2v,sg_aug,1000000000,0.01,0.1,1.0,1.0,02-05-00h59m,115.66774106025696,79,20192.029296875,0.0,20192.029296875,28332.17578125,2083241472.0,0.7822975516319275,0.012631228193640709,4.1979765228461474e-05,0.0003673229366540909,0.0009655345929786563,0.0019835438579320908,0.7831876277923584,0.012033622711896896,1.574241105117835e-05,0.00045128248166292906,0.0010809790110215545,0.002057008445262909,0.8817386627197266,0.8260908722877502,0.013770423829555511,1.0494941307115369e-05,0.0006401914288289845,0.0009235548204742372,0.002676210133358836,0.825190007686615,0.013273567892611027,3.673229366540909e-05,0.00028861089958809316,0.0007976155611686409,0.0018261198420077562
