Graph,Model,Loss Function,n_negative,Learning Rate,lambda,time,Duration,Steps,Loss/positive_loss,Loss/negative_loss,Loss/total_loss,Loss/dimension_regularization,classifier/metrics/valid/AUC_ROC,classifier/metrics/valid/AUC_ROC max,classifier/metrics/valid/AUC_ROC max epoch,classifier/metrics/valid/MRR,classifier/metrics/valid/MRR max,classifier/metrics/valid/MRR max epoch,classifier/metrics/valid/Hits_50,classifier/metrics/valid/Hits_50 max,classifier/metrics/valid/Hits_50 max epoch,classifier/metrics/test/AUC_ROC,classifier/metrics/test/AUC_ROC max,classifier/metrics/test/AUC_ROC max epoch,classifier/metrics/test/MRR,classifier/metrics/test/MRR max,classifier/metrics/test/MRR max epoch,classifier/metrics/test/Hits_50,classifier/metrics/test/Hits_50 max,classifier/metrics/test/Hits_50 max epoch,GPU_usage/memory__bytes_,metrics/valid/AUC_ROC,metrics/valid/AUC_ROC max,metrics/valid/AUC_ROC max epoch,metrics/valid/MRR,metrics/valid/MRR max,metrics/valid/MRR max epoch,metrics/valid/Hits_50,metrics/valid/Hits_50 max,metrics/valid/Hits_50 max epoch,metrics/test/AUC_ROC,metrics/test/AUC_ROC max,metrics/test/AUC_ROC max epoch,metrics/test/MRR,metrics/test/MRR max,metrics/test/MRR max epoch,metrics/test/Hits_50,metrics/test/Hits_50 max,metrics/test/Hits_50 max epoch,Loss/classifier_loss
CiteSeer,line,sg,10,0.1,1.0,events.out.tfevents.1733337338.d1016,3.706592082977295,249,9.008038520812988,1029.563232421875,1038.5712890625,311.71435546875,0.5801048278808594,0.5801,4,0.0322519913315773,0.0379,4,0.012087912298738956,0.0209,2,0.5853014588356018,0.6095,4,0.025587430223822594,0.0310,4,0.003296703565865755,0.0165,1,296526336.0,0.6077287793159485,0.6077,5,0.03233833611011505,0.0323,5,0.009890110231935978,0.0099,5,0.5723611116409302,0.6102,1,0.02634252794086933,0.0306,1,0.00659340713173151,0.0093,1,1.2624893188476562
CiteSeer,line,sg_aug,1,0.1,0.1,events.out.tfevents.1733337408.d1016,3.817072629928589,249,0.0005103654111735523,0.0,0.0005103654111735523,355.6532897949219,0.6079696416854858,0.6427,3,0.030756304040551186,0.0329,3,0.015384616330265999,0.0198,3,0.6272739171981812,0.6273,4,0.03814809396862984,0.0381,4,0.018681319430470467,0.0187,4,296526336.0,0.6570078730583191,0.6570,5,0.03564082831144333,0.0356,5,0.017582418397068977,0.0176,5,0.6134012341499329,0.6134,5,0.03820997476577759,0.0382,5,0.011538461782038212,0.0143,1,0.6333329677581787
CiteSeer,line,sg_aug,1,0.1,1.0,events.out.tfevents.1733337391.d1016,3.7784533500671387,249,0.002141864039003849,0.0,0.002141864039003849,502.7417907714844,0.5781315565109253,0.6124,4,0.02524256333708763,0.0389,3,0.003296703565865755,0.0176,3,0.5876345634460449,0.6033,4,0.03382018953561783,0.0362,4,0.009340659715235233,0.0159,3,296526336.0,0.6045147180557251,0.6045,5,0.035409074276685715,0.0354,5,0.012087912298738956,0.0121,1,0.6066473722457886,0.6066,5,0.03754367306828499,0.0375,5,0.01318681426346302,0.0137,1,0.799383282661438
CiteSeer,line,sg_aug,1,0.1,10.0,events.out.tfevents.1733337375.d1016,3.761516809463501,249,0.08523831516504288,0.0,0.08523831516504288,354.83758544921875,0.5097748637199402,0.5786,2,0.029580434784293175,0.0369,3,0.017582418397068977,0.0242,2,0.5709764361381531,0.5756,4,0.027491221204400063,0.0297,3,0.008791209198534489,0.0115,2,296526336.0,0.5339277386665344,0.5682,1,0.030509648844599724,0.0345,1,0.015384616330265999,0.0154,5,0.5709048509597778,0.5873,1,0.030232038348913193,0.0325,1,0.007692308165132999,0.0077,5,1.1987416744232178
CiteSeer,line,sg_aug,1,0.1,100.0,events.out.tfevents.1733337358.d1016,3.748595952987671,249,4.140350341796875,0.0,4.140350341796875,214.2919921875,0.5378565788269043,0.5636,3,0.02887767180800438,0.0377,2,0.016483517363667488,0.0176,1,0.557302713394165,0.5696,4,0.028127722442150116,0.0291,4,0.007692308165132999,0.0121,2,296526336.0,0.5544340014457703,0.5645,1,0.03476084768772125,0.0348,5,0.018681319430470467,0.0187,5,0.5530770421028137,0.5666,1,0.027498958632349968,0.0291,1,0.008791209198534489,0.0088,5,1.3003003597259521
CiteSeer,line,sg_aug,10,0.1,0.1,events.out.tfevents.1733337479.d1016,3.6321301460266113,249,0.0001581947144586593,0.0,0.0001581947144586593,0.00016950287681538612,0.5715776085853577,0.6181,3,0.030882442370057106,0.0372,3,0.008791209198534489,0.0154,1,0.6202077269554138,0.6247,4,0.03258013352751732,0.0348,3,0.009340659715235233,0.0137,1,296526336.0,0.6095849871635437,0.6266,1,0.03409599885344505,0.0341,5,0.008791209198534489,0.0088,5,0.6364235281944275,0.6364,5,0.03612181171774864,0.0361,5,0.007142857648432255,0.0071,5,0.6936178207397461
CiteSeer,line,sg_aug,10,0.1,1.0,events.out.tfevents.1733337461.d1016,3.72853422164917,249,0.002570347161963582,0.0,0.002570347161963582,2780.2314453125,0.6211002469062805,0.6211,4,0.033706095069646835,0.0368,3,0.01318681426346302,0.0165,3,0.6047139763832092,0.6047,4,0.035779714584350586,0.0377,3,0.018131868913769722,0.0181,4,296526336.0,0.6168151497840881,0.6168,5,0.03319837898015976,0.0332,5,0.012087912298738956,0.0121,1,0.6041610836982727,0.6042,5,0.03538041189312935,0.0354,5,0.017032967880368233,0.0170,5,0.7021002769470215
CiteSeer,line,sg_aug,10,0.1,10.0,events.out.tfevents.1733337446.d1016,3.6292459964752197,249,0.0066086724400520325,0.0,0.0066086724400520325,8543.572265625,0.577595591545105,0.5776,4,0.029042623937129974,0.0361,3,0.012087912298738956,0.0176,1,0.5746107697486877,0.5967,3,0.03369865193963051,0.0377,2,0.01318681426346302,0.0132,4,296526336.0,0.5848581790924072,0.5849,5,0.031795281916856766,0.0318,5,0.020879121497273445,0.0209,5,0.6112114787101746,0.6112,5,0.034363292157649994,0.0344,5,0.012087912298738956,0.0159,1,1.1213818788528442
CiteSeer,line,sg_aug,10,0.1,100.0,events.out.tfevents.1733337428.d1016,3.6364357471466064,249,0.7929244041442871,0.0,0.7929244041442871,992.0744018554688,0.5786868333816528,0.5840,3,0.030459841713309288,0.0355,3,0.007692308165132999,0.0198,1,0.5682763457298279,0.5832,3,0.028192516416311264,0.0332,3,0.00659340713173151,0.0121,1,296526336.0,0.5730627775192261,0.5986,1,0.027916837483644485,0.0313,1,0.016483517363667488,0.0165,5,0.5832701325416565,0.5833,5,0.03052002191543579,0.0305,5,0.007692308165132999,0.0082,1,1.2327415943145752
CiteSeer,line,sg_aug,100,0.1,0.1,events.out.tfevents.1733337548.d1016,3.620828151702881,249,3.576279254957626e-07,0.0,3.576279254957626e-07,49762.87890625,0.625298798084259,0.6275,3,0.027363821864128113,0.0353,4,0.007692308165132999,0.0187,3,0.6416622996330261,0.6423,4,0.03453301638364792,0.0378,4,0.010439560748636723,0.0126,3,296526336.0,0.6209644675254822,0.6210,5,0.027112668380141258,0.0295,1,0.008791209198534489,0.0121,1,0.6373465657234192,0.6373,5,0.038220420479774475,0.0382,5,0.008791209198534489,0.0110,1,0.4538104832172394
CiteSeer,line,sg_aug,100,0.1,1.0,events.out.tfevents.1733337529.d1016,3.6302382946014404,249,-0.0,0.0,0.0,214864.890625,0.5679694414138794,0.6355,3,0.0339372456073761,0.0353,4,0.010989011265337467,0.0209,3,0.5926212072372437,0.6566,4,0.03171035274863243,0.0378,4,0.009340659715235233,0.0126,3,296526336.0,0.5875852108001709,0.5963,1,0.03082743100821972,0.0308,5,0.016483517363667488,0.0165,5,0.6168402433395386,0.6360,1,0.033848077058792114,0.0339,1,0.018131868913769722,0.0181,5,0.9892104864120483
CiteSeer,line,sg_aug,100,0.1,10.0,events.out.tfevents.1733337514.d1016,3.6381988525390625,249,-0.0,0.0,0.0,200533.40625,0.5731013417243958,0.6167,3,0.02204698696732521,0.0353,4,0.002197802299633622,0.0209,1,0.5850422382354736,0.6474,4,0.024794364348053932,0.0378,4,0.007692308165132999,0.0126,3,296526336.0,0.5593366026878357,0.6069,1,0.024821219965815544,0.0295,1,0.0,0.0121,1,0.5923959612846375,0.6456,1,0.025849610567092896,0.0339,1,0.0005494505749084055,0.0110,1,1.0720337629318237
CiteSeer,line,sg_aug,100,0.1,100.0,events.out.tfevents.1733337498.d1016,3.6159801483154297,249,-0.0,0.0,0.0,87959.828125,0.6205719113349915,0.6240,3,0.030618060380220413,0.0353,4,0.004395604599267244,0.0187,3,0.6229596734046936,0.6510,4,0.03157190605998039,0.0378,4,0.002747252816334367,0.0126,3,296526336.0,0.6293747425079346,0.6294,5,0.027388332411646843,0.0295,1,0.002197802299633622,0.0121,1,0.635201096534729,0.6504,1,0.030193373560905457,0.0339,1,0.005494505632668734,0.0110,1,0.5281248092651367
CiteSeer,line,sg_aug,1000000000,0.1,0.1,events.out.tfevents.1733337615.d1016,3.58903169631958,249,2.622606189106591e-06,0.0,2.622606189106591e-06,500.1794128417969,0.6314449310302734,0.6329,3,0.03805976361036301,0.0381,4,0.010989011265337467,0.0187,3,0.6460079550743103,0.6471,4,0.03975585848093033,0.0398,4,0.009340659715235233,0.0126,3,296526336.0,0.6580715179443359,0.6581,5,0.037266675382852554,0.0373,5,0.007692308165132999,0.0121,1,0.6450412273406982,0.6470,1,0.03941263258457184,0.0394,5,0.008791209198534489,0.0110,1,0.4976530075073242
CiteSeer,line,sg_aug,1000000000,0.1,1.0,events.out.tfevents.1733337598.d1016,3.6190736293792725,249,2.622606189106591e-06,0.0,2.622606189106591e-06,500.1794128417969,0.6173526048660278,0.6347,3,0.03805976361036301,0.0381,4,0.010989011265337467,0.0187,3,0.6343917846679688,0.6359,4,0.03975585848093033,0.0398,4,0.009340659715235233,0.0126,3,296526336.0,0.6409662365913391,0.6410,5,0.037266675382852554,0.0373,5,0.007692308165132999,0.0121,1,0.643310010433197,0.6433,5,0.03941263258457184,0.0394,5,0.008791209198534489,0.0110,1,0.4976530075073242
CiteSeer,line,sg_aug,1000000000,0.1,10.0,events.out.tfevents.1733337581.d1016,3.6022236347198486,249,2.622606189106591e-06,0.0,2.622606189106591e-06,500.17938232421875,0.5771727561950684,0.6126,3,0.03805976361036301,0.0381,4,0.010989011265337467,0.0187,3,0.6405812501907349,0.6465,4,0.03975585848093033,0.0398,4,0.009340659715235233,0.0126,3,296526336.0,0.6135544776916504,0.6136,5,0.037266675382852554,0.0373,5,0.007692308165132999,0.0121,1,0.6426834464073181,0.6452,1,0.03941263258457184,0.0394,5,0.008791209198534489,0.0110,1,0.4976530075073242
CiteSeer,line,sg_aug,1000000000,0.1,100.0,events.out.tfevents.1733337567.d1016,3.618990898132324,249,2.622606189106591e-06,0.0,2.622606189106591e-06,500.1794128417969,0.6283805966377258,0.6316,3,0.03805976361036301,0.0381,4,0.010989011265337467,0.0187,3,0.6313691139221191,0.6478,4,0.03975585848093033,0.0398,4,0.009340659715235233,0.0126,3,296526336.0,0.6304575800895691,0.6305,5,0.037266675382852554,0.0373,5,0.007692308165132999,0.0121,1,0.6408023834228516,0.6408,5,0.03941263258457184,0.0394,5,0.008791209198534489,0.0110,1,0.4976530075073242
CiteSeer,n2v,sg,10,0.1,1.0,events.out.tfevents.1733336925.d1016,12.55034065246582,129,42035.98046875,781221.5625,823257.5625,56.71976089477539,0.7446727156639099,0.7635,4,0.1305229514837265,0.1305,4,0.009890110231935978,0.0275,2,0.7448785305023193,0.7612,4,0.1303684562444687,0.1304,4,0.04395604506134987,0.0440,4,3131992064.0,0.7546889781951904,0.7547,5,0.12400974333286285,0.1240,5,0.017582418397068977,0.0176,1,0.7418674230575562,0.7576,1,0.13329167664051056,0.1333,5,0.0406593419611454,0.0407,5,0.2479114830493927
CiteSeer,n2v,sg_aug,1,0.1,0.1,events.out.tfevents.1733337014.d1016,11.430347442626953,129,284.1263427734375,0.0,284.1263427734375,60.90845489501953,0.7485642433166504,0.7602,2,0.06583277136087418,0.0696,4,0.020879121497273445,0.0209,4,0.7393405437469482,0.7405,3,0.07100431621074677,0.0734,4,0.024725275114178658,0.0280,3,2094986240.0,0.7623113393783569,0.7623,5,0.06784048676490784,0.0678,5,0.021978022530674934,0.0220,5,0.7334212064743042,0.7359,1,0.06898503005504608,0.0743,1,0.03241758421063423,0.0324,5,0.5262244939804077
CiteSeer,n2v,sg_aug,1,0.1,1.0,events.out.tfevents.1733336993.d1016,11.629611730575562,129,284.835205078125,0.0,284.835205078125,86.96846008300781,0.7529216408729553,0.7738,4,0.06546463072299957,0.0655,4,0.023076923564076424,0.0231,4,0.7401471138000488,0.7444,1,0.06662431359291077,0.0714,3,0.028021980077028275,0.0280,4,2094986240.0,0.78465735912323,0.7847,5,0.07746557146310806,0.0775,5,0.02747252956032753,0.0275,5,0.7445979714393616,0.7446,5,0.08228083699941635,0.0823,5,0.028021980077028275,0.0280,5,0.4868801236152649
CiteSeer,n2v,sg_aug,1,0.1,10.0,events.out.tfevents.1733336968.d1016,11.281802654266357,129,292.2817687988281,0.0,292.2817687988281,219.5457000732422,0.7330997586250305,0.7383,1,0.06355838477611542,0.0671,3,0.024175824597477913,0.0242,4,0.7426261901855469,0.7453,1,0.07413209974765778,0.0741,4,0.032967034727334976,0.0330,4,2094986240.0,0.7661404013633728,0.7661,5,0.08021067082881927,0.0802,5,0.02747252956032753,0.0286,1,0.7456440925598145,0.7456,5,0.07542692869901657,0.0831,1,0.034065935760736465,0.0341,5,0.49042999744415283
CiteSeer,n2v,sg_aug,1,0.1,100.0,events.out.tfevents.1733336948.d1016,11.481868743896484,129,665.7261962890625,0.0,665.7261962890625,1228.868896484375,0.7463874816894531,0.7648,4,0.07574263215065002,0.0757,4,0.020879121497273445,0.0209,4,0.7554571032524109,0.7555,4,0.07823336869478226,0.0782,4,0.03241758421063423,0.0341,1,2094986240.0,0.7785245776176453,0.7785,5,0.07803093641996384,0.0780,5,0.01428571529686451,0.0231,1,0.745185911655426,0.7480,1,0.08594036847352982,0.0859,5,0.032967034727334976,0.0330,1,0.5332868099212646
CiteSeer,n2v,sg_aug,10,0.1,0.1,events.out.tfevents.1733337102.d1016,11.71435832977295,129,323.8539733886719,0.0,323.8539733886719,17.4387149810791,0.7617729306221008,0.7618,4,0.06921970099210739,0.0765,4,0.020879121497273445,0.0220,2,0.7404999732971191,0.7422,2,0.07195865362882614,0.0765,3,0.030769232660531998,0.0308,4,2094986240.0,0.7796319723129272,0.7796,5,0.0863763764500618,0.0864,5,0.02637362852692604,0.0264,5,0.7418200969696045,0.7418,5,0.08802413195371628,0.0880,5,0.032967034727334976,0.0330,5,0.5945892333984375
CiteSeer,n2v,sg_aug,10,0.1,1.0,events.out.tfevents.1733337081.d1016,11.350210428237915,129,328.04241943359375,0.0,328.04241943359375,26.29475975036621,0.7622411847114563,0.7640,4,0.07472043484449387,0.0747,4,0.015384616330265999,0.0209,4,0.7419778108596802,0.7420,4,0.07894806563854218,0.0789,4,0.023076923564076424,0.0324,2,2094986240.0,0.7772123217582703,0.7772,5,0.08174162358045578,0.0819,1,0.025274725630879402,0.0264,1,0.7351786494255066,0.7407,1,0.08538166433572769,0.0871,1,0.032967034727334976,0.0330,5,0.5054821968078613
CiteSeer,n2v,sg_aug,10,0.1,10.0,events.out.tfevents.1733337060.d1016,11.35605502128601,129,363.5828552246094,0.0,363.5828552246094,39.377113342285156,0.7676880359649658,0.7702,4,0.07554209232330322,0.0823,4,0.017582418397068977,0.0264,4,0.7462381720542908,0.7462,4,0.07733944058418274,0.0773,4,0.026923079043626785,0.0319,3,2094986240.0,0.7967610359191895,0.7968,5,0.07799792289733887,0.0908,1,0.020879121497273445,0.0209,5,0.7411790490150452,0.7470,1,0.0812491849064827,0.0843,1,0.023076923564076424,0.0247,1,0.5392348766326904
CiteSeer,n2v,sg_aug,10,0.1,100.0,events.out.tfevents.1733337035.d1016,11.652190685272217,129,530.3839111328125,0.0,530.3839111328125,419.56231689453125,0.768497109413147,0.7768,1,0.08011464774608612,0.0801,4,0.025274725630879402,0.0253,4,0.7448269128799438,0.7448,4,0.08181371539831161,0.0818,4,0.035164836794137955,0.0352,3,2094986240.0,0.7952114939689636,0.7952,5,0.08930780738592148,0.0893,5,0.016483517363667488,0.0242,1,0.7426202893257141,0.7426,5,0.08513031899929047,0.0887,1,0.03131868317723274,0.0313,5,0.5497946739196777
CiteSeer,n2v,sg_aug,100,0.1,0.1,events.out.tfevents.1733337201.d1016,11.424808979034424,129,329.4499206542969,0.0,329.4499206542969,4911.6630859375,0.7758323550224304,0.7758,4,0.07672119140625,0.0786,4,0.019780220463871956,0.0198,4,0.740567684173584,0.7579,4,0.08155890554189682,0.0816,4,0.03461538627743721,0.0352,3,2094986240.0,0.791195273399353,0.7912,5,0.08564850687980652,0.0856,5,0.019780220463871956,0.0198,5,0.7334669828414917,0.7531,1,0.0910002663731575,0.0910,5,0.02967033162713051,0.0297,5,0.4784563183784485
CiteSeer,n2v,sg_aug,100,0.1,1.0,events.out.tfevents.1733337172.d1016,11.511770725250244,129,342.4683532714844,0.0,342.4683532714844,5169.93701171875,0.7372335195541382,0.7743,4,0.06574127823114395,0.0786,4,0.018681319430470467,0.0187,2,0.7277674674987793,0.7466,4,0.07840505987405777,0.0801,4,0.03131868317723274,0.0313,4,2094986240.0,0.7682079672813416,0.7682,5,0.0791197344660759,0.0832,1,0.019780220463871956,0.0198,5,0.7360997200012207,0.7507,1,0.08559634536504745,0.0856,5,0.030769232660531998,0.0308,5,0.4517173171043396
CiteSeer,n2v,sg_aug,100,0.1,10.0,events.out.tfevents.1733337148.d1016,11.479526042938232,129,516.1942138671875,0.0,516.1942138671875,5795.26123046875,0.7544583678245544,0.7766,4,0.07351532578468323,0.0786,4,0.021978022530674934,0.0220,4,0.7433659434318542,0.7590,4,0.0819111317396164,0.0819,4,0.0406593419611454,0.0407,4,2094986240.0,0.7822083234786987,0.7822,5,0.07762852311134338,0.0832,1,0.024175824597477913,0.0242,5,0.7451576590538025,0.7496,1,0.08878308534622192,0.0888,5,0.024175824597477913,0.0275,1,0.6075946688652039
CiteSeer,n2v,sg_aug,100,0.1,100.0,events.out.tfevents.1733337127.d1016,11.55318808555603,129,3805.1455078125,0.0,3805.1455078125,22388.27734375,0.7943986654281616,0.7971,4,0.08253264427185059,0.0825,4,0.024175824597477913,0.0330,2,0.7504444718360901,0.7504,4,0.08458039164543152,0.0846,4,0.03736263886094093,0.0407,2,2094986240.0,0.8148461580276489,0.8148,5,0.0962340459227562,0.0962,5,0.03736263886094093,0.0374,5,0.7598201632499695,0.7598,5,0.09439995884895325,0.0944,5,0.06263736635446548,0.0626,5,0.6619184017181396
CiteSeer,n2v,sg_aug,1000000000,0.1,0.1,events.out.tfevents.1733337313.d1016,11.43125033378601,129,328.3608703613281,0.0,328.3608703613281,13537.4814453125,0.7631973028182983,0.7646,2,0.0756065770983696,0.0786,4,0.012087912298738956,0.0231,2,0.752782940864563,0.7528,4,0.07756546139717102,0.0801,4,0.025274725630879402,0.0357,2,2094986240.0,0.7918661236763,0.7919,5,0.07914462685585022,0.0832,1,0.023076923564076424,0.0231,5,0.7573059797286987,0.7573,5,0.08458347618579865,0.0846,5,0.03736263886094093,0.0374,5,0.5365630984306335
CiteSeer,n2v,sg_aug,1000000000,0.1,1.0,events.out.tfevents.1733337288.d1016,11.391068696975708,129,328.3608703613281,0.0,328.3608703613281,13537.482421875,0.7467367053031921,0.7682,1,0.0756065770983696,0.0786,4,0.012087912298738956,0.0231,2,0.7487772703170776,0.7488,4,0.07756546139717102,0.0801,4,0.025274725630879402,0.0357,2,2094986240.0,0.7738052606582642,0.7738,5,0.07914462685585022,0.0832,1,0.023076923564076424,0.0231,5,0.7574487924575806,0.7574,5,0.08458347618579865,0.0846,5,0.03736263886094093,0.0374,5,0.5365630984306335
CiteSeer,n2v,sg_aug,1000000000,0.1,10.0,events.out.tfevents.1733337252.d1016,11.253683090209961,129,328.3608703613281,0.0,328.3608703613281,13537.482421875,0.7617442607879639,0.7854,4,0.0756065770983696,0.0786,4,0.012087912298738956,0.0231,2,0.7413164377212524,0.7484,4,0.07756546139717102,0.0801,4,0.025274725630879402,0.0357,2,2094986240.0,0.7847238183021545,0.7847,5,0.07914462685585022,0.0832,1,0.023076923564076424,0.0231,5,0.7556936144828796,0.7557,5,0.08458347618579865,0.0846,5,0.03736263886094093,0.0374,5,0.5365630984306335
CiteSeer,n2v,sg_aug,1000000000,0.1,100.0,events.out.tfevents.1733337226.d1016,11.489744424819946,129,328.3608703613281,0.0,328.3608703613281,13537.482421875,0.777662992477417,0.7784,4,0.0756065770983696,0.0786,4,0.012087912298738956,0.0231,2,0.7697500586509705,0.7698,4,0.07756546139717102,0.0801,4,0.025274725630879402,0.0357,2,2094986240.0,0.7990582585334778,0.7991,5,0.07914462685585022,0.0832,1,0.023076923564076424,0.0231,5,0.7722297310829163,0.7722,5,0.08458347618579865,0.0846,5,0.03736263886094093,0.0374,5,0.5365630984306335
Cora,line,sg,10,0.1,1.0,events.out.tfevents.1733332496.d1016,4.198538303375244,289,13.91833782196045,955.7882080078125,969.70654296875,284.0705871582031,0.5746586918830872,0.5747,4,0.02563600242137909,0.0334,1,0.01043643243610859,0.0104,4,0.5681723356246948,0.5682,4,0.025987409055233,0.0331,1,0.009004739113152027,0.0109,3,296295424.0,0.5749511122703552,0.5750,5,0.029124977067112923,0.0291,5,0.01043643243610859,0.0104,5,0.5589781999588013,0.5992,1,0.027066441252827644,0.0299,1,0.005687203723937273,0.0081,1,1.2410365343093872
Cora,line,sg_aug,1,0.1,0.1,events.out.tfevents.1733332549.d1016,4.7731640338897705,289,0.00017309645772911608,0.0,0.00017309645772911608,238.15896606445312,0.5883685946464539,0.6030,3,0.024327460676431656,0.0276,2,0.0037950663827359676,0.0104,2,0.5926010608673096,0.5937,3,0.029346993193030357,0.0332,4,0.0037914691492915154,0.0109,2,296295424.0,0.6095057725906372,0.6301,1,0.02609255351126194,0.0261,5,0.002846299670636654,0.0047,1,0.6011766791343689,0.6191,1,0.02800079993903637,0.0340,1,0.009478673338890076,0.0095,5,0.9011094570159912
Cora,line,sg_aug,1,0.1,1.0,events.out.tfevents.1733332538.d1016,4.493438720703125,289,0.002755344146862626,0.0,0.002755344146862626,427.3839416503906,0.6075387001037598,0.6075,4,0.02711721695959568,0.0437,2,0.0037950663827359676,0.0142,2,0.5903984308242798,0.5910,3,0.02592671476304531,0.0370,2,0.004265402909368277,0.0114,2,296295424.0,0.6007840633392334,0.6008,5,0.038376227021217346,0.0384,5,0.007590132765471935,0.0142,1,0.6074832081794739,0.6075,5,0.03621598333120346,0.0362,5,0.008530805818736553,0.0090,1,1.152927279472351
Cora,line,sg_aug,1,0.1,10.0,events.out.tfevents.1733332526.d1016,4.2600483894348145,289,0.07088388502597809,0.0,0.07088388502597809,681.5547485351562,0.5829048752784729,0.5829,4,0.041788700968027115,0.0418,4,0.0180265661329031,0.0180,4,0.5602474808692932,0.5715,4,0.035291943699121475,0.0353,4,0.01611374318599701,0.0161,4,296295424.0,0.5693247318267822,0.5693,5,0.044178325682878494,0.0442,5,0.01518026553094387,0.0152,5,0.5867963433265686,0.5868,5,0.03840465098619461,0.0384,5,0.013270141556859016,0.0133,5,1.300687551498413
Cora,line,sg_aug,1,0.1,100.0,events.out.tfevents.1733332513.d1016,4.208581209182739,289,9.193418502807617,0.0,9.193418502807617,426.8150634765625,0.5612847805023193,0.5664,1,0.02634834684431553,0.0460,2,0.004743833094835281,0.0228,2,0.5614869594573975,0.5615,4,0.026664378121495247,0.0401,2,0.003317535389214754,0.0175,2,296295424.0,0.5547786355018616,0.5548,5,0.041902508586645126,0.0431,1,0.013282732106745243,0.0256,1,0.5652728080749512,0.5653,5,0.035668857395648956,0.0405,1,0.015165876597166061,0.0166,1,1.3367352485656738
Cora,line,sg_aug,10,0.1,0.1,events.out.tfevents.1733332603.d1016,4.132079839706421,289,0.00029696273850277066,0.0,0.00029696273850277066,1.3762623893853743e-05,0.5924775004386902,0.6077,3,0.028265509754419327,0.0283,4,0.005692599341273308,0.0114,4,0.6018251180648804,0.6027,4,0.02434491366147995,0.0283,3,0.011374407447874546,0.0114,4,296295424.0,0.6230911016464233,0.6231,5,0.03716878220438957,0.0372,5,0.005692599341273308,0.0057,5,0.6186977028846741,0.6187,5,0.025754965841770172,0.0292,1,0.006635070778429508,0.0066,5,0.9217824935913086
Cora,line,sg_aug,10,0.1,1.0,events.out.tfevents.1733332591.d1016,4.105637550354004,289,0.003545315470546484,0.0,0.003545315470546484,3000.53955078125,0.560876190662384,0.6005,4,0.028207026422023773,0.0393,2,0.012333965860307217,0.0123,4,0.595814049243927,0.6111,3,0.029960159212350845,0.0331,4,0.008056871592998505,0.0123,2,296295424.0,0.5943730473518372,0.5944,5,0.031933631747961044,0.0319,5,0.004743833094835281,0.0076,1,0.623352587223053,0.6234,5,0.03309061378240585,0.0331,5,0.004265402909368277,0.0100,1,0.8831100463867188
Cora,line,sg_aug,10,0.1,10.0,events.out.tfevents.1733332578.d1016,4.103459596633911,289,0.034901928156614304,0.0,0.034901928156614304,147.71685791015625,0.593741774559021,0.5937,4,0.038212358951568604,0.0439,2,0.0066413660533726215,0.0218,2,0.5914192199707031,0.5914,4,0.03832593932747841,0.0399,2,0.014218009077012539,0.0180,2,296295424.0,0.597837507724762,0.5978,5,0.03396408259868622,0.0429,1,0.002846299670636654,0.0190,1,0.5860362648963928,0.5864,1,0.03581715747714043,0.0430,1,0.006635070778429508,0.0223,1,1.227151870727539
Cora,line,sg_aug,10,0.1,100.0,events.out.tfevents.1733332562.d1016,4.612084865570068,289,0.38323360681533813,0.0,0.38323360681533813,4905.81787109375,0.5764349102973938,0.5764,4,0.04614514112472534,0.0461,4,0.0180265661329031,0.0180,4,0.5712727904319763,0.5749,1,0.04170460253953934,0.0417,4,0.014691943302750587,0.0180,1,296295424.0,0.589942991733551,0.5899,5,0.044278740882873535,0.0443,5,0.005692599341273308,0.0237,1,0.5803391337394714,0.5803,5,0.038123004138469696,0.0409,1,0.011374407447874546,0.0213,1,1.2617534399032593
Cora,line,sg_aug,100,0.1,0.1,events.out.tfevents.1733332656.d1016,4.169765949249268,289,7.510213436034974e-06,0.0,7.510213436034974e-06,21683.810546875,0.6219674348831177,0.6265,4,0.02871168591082096,0.0377,1,0.004743833094835281,0.0133,1,0.6386412382125854,0.6386,4,0.029884828254580498,0.0354,3,0.006635070778429508,0.0100,3,296295424.0,0.6349421739578247,0.6349,5,0.0349111445248127,0.0367,1,0.008538899011909962,0.0085,5,0.6442955136299133,0.6443,5,0.03480527177453041,0.0377,1,0.006161137484014034,0.0085,1,0.6064831018447876
Cora,line,sg_aug,100,0.1,1.0,events.out.tfevents.1733332644.d1016,4.062515497207642,289,-0.0,0.0,0.0,158017.75,0.5675698518753052,0.6229,4,0.03617074340581894,0.0377,1,0.0066413660533726215,0.0133,1,0.5812873840332031,0.6395,4,0.03841979429125786,0.0384,4,0.013270141556859016,0.0133,4,296295424.0,0.6220110654830933,0.6220,5,0.035642437636852264,0.0367,1,0.005692599341273308,0.0066,1,0.6111696362495422,0.6317,1,0.034398604184389114,0.0377,1,0.009004739113152027,0.0090,5,0.9646387696266174
Cora,line,sg_aug,100,0.1,10.0,events.out.tfevents.1733332628.d1016,4.104539394378662,289,-0.0,0.0,0.0,179125.34375,0.5703015923500061,0.6188,4,0.02735413983464241,0.0377,1,0.007590132765471935,0.0133,1,0.5851162672042847,0.6401,4,0.02692391164600849,0.0354,3,0.0071090045385062695,0.0071,1,296295424.0,0.5646674633026123,0.6005,1,0.02901511639356613,0.0367,1,0.007590132765471935,0.0076,5,0.5744010806083679,0.6236,1,0.02693876624107361,0.0377,1,0.004739336669445038,0.0085,1,1.1319043636322021
Cora,line,sg_aug,100,0.1,100.0,events.out.tfevents.1733332616.d1016,4.068066835403442,289,-0.0,0.0,0.0,73195.0234375,0.632239580154419,0.6322,4,0.03495734930038452,0.0377,1,0.007590132765471935,0.0133,1,0.625633180141449,0.6256,4,0.03168155252933502,0.0354,3,0.0071090045385062695,0.0071,1,296295424.0,0.6175223588943481,0.6175,5,0.03601120784878731,0.0367,1,0.0018975331913679838,0.0066,1,0.620145320892334,0.6201,5,0.031258922070264816,0.0377,1,0.004265402909368277,0.0085,1,0.6218301057815552
Cora,line,sg_aug,1000000000,0.1,0.1,events.out.tfevents.1733332708.d1016,4.066309928894043,289,8.392531890422106e-05,0.0,8.392531890422106e-05,710.7354125976562,0.615616500377655,0.6202,4,0.022239170968532562,0.0377,1,0.0037950663827359676,0.0133,1,0.6132104992866516,0.6206,4,0.02964101731777191,0.0354,3,0.006635070778429508,0.0123,3,296295424.0,0.6274396777153015,0.6274,5,0.03624384477734566,0.0367,1,0.0037950663827359676,0.0066,1,0.6193048357963562,0.6193,5,0.036819733679294586,0.0377,1,0.006161137484014034,0.0085,1,0.8038733005523682
Cora,line,sg_aug,1000000000,0.1,1.0,events.out.tfevents.1733332692.d1016,4.16789436340332,289,8.392531890422106e-05,0.0,8.392531890422106e-05,710.7354125976562,0.6237290501594543,0.6237,4,0.022239170968532562,0.0377,1,0.0037950663827359676,0.0133,1,0.6074740886688232,0.6273,4,0.02964101731777191,0.0354,3,0.006635070778429508,0.0123,3,296295424.0,0.627659261226654,0.6277,5,0.03624384477734566,0.0367,1,0.0037950663827359676,0.0066,1,0.6286991834640503,0.6287,5,0.036819733679294586,0.0377,1,0.006161137484014034,0.0085,1,0.8038733005523682
Cora,line,sg_aug,1000000000,0.1,10.0,events.out.tfevents.1733332680.d1016,4.314590692520142,289,8.392531890422106e-05,0.0,8.392531890422106e-05,710.7354125976562,0.5990410447120667,0.6162,2,0.022239170968532562,0.0377,1,0.0037950663827359676,0.0133,1,0.6208258867263794,0.6370,4,0.02964101731777191,0.0354,3,0.006635070778429508,0.0123,3,296295424.0,0.6139782667160034,0.6140,5,0.03624384477734566,0.0367,1,0.0037950663827359676,0.0066,1,0.6192105412483215,0.6210,1,0.036819733679294586,0.0377,1,0.006161137484014034,0.0085,1,0.8038733005523682
Cora,line,sg_aug,1000000000,0.1,100.0,events.out.tfevents.1733332669.d1016,4.085372447967529,289,8.392531890422106e-05,0.0,8.392531890422106e-05,710.7354125976562,0.6363568305969238,0.6364,4,0.022239170968532562,0.0377,1,0.0037950663827359676,0.0133,1,0.6204710602760315,0.6320,4,0.02964101731777191,0.0354,3,0.006635070778429508,0.0123,3,296295424.0,0.6351843476295471,0.6352,5,0.03624384477734566,0.0367,1,0.0037950663827359676,0.0066,1,0.6232609152793884,0.6281,1,0.036819733679294586,0.0377,1,0.006161137484014034,0.0085,1,0.8038733005523682
Cora,n2v,sg,10,0.1,1.0,events.out.tfevents.1733332104.d1016,11.580977439880371,109,20180.125,119996.53125,140176.65625,35.118751525878906,0.8206627368927002,0.8355,3,0.12577958405017853,0.1312,3,0.03320683166384697,0.0332,4,0.8385361433029175,0.8385,4,0.12993386387825012,0.1299,4,0.023222748190164566,0.0332,3,3132422656.0,0.8271374106407166,0.8271,5,0.13167980313301086,0.1317,5,0.021821631118655205,0.0218,5,0.8373916745185852,0.8374,5,0.13060937821865082,0.1306,5,0.028909951448440552,0.0289,5,0.4837295711040497
Cora,n2v,sg_aug,1,0.1,0.1,events.out.tfevents.1733332197.d1016,10.515316247940063,109,17.876678466796875,0.0,17.876678466796875,11.289335250854492,0.8179237246513367,0.8179,4,0.07502482086420059,0.0762,4,0.02277039736509323,0.0228,3,0.7923290729522705,0.7923,4,0.07353823632001877,0.0758,3,0.02606634981930256,0.0261,4,2094030336.0,0.8139054775238037,0.8139,5,0.08577802032232285,0.0861,1,0.026565464213490486,0.0266,5,0.8043786287307739,0.8044,5,0.07729894667863846,0.0773,5,0.020853079855442047,0.0209,5,0.4591211676597595
Cora,n2v,sg_aug,1,0.1,1.0,events.out.tfevents.1733332175.d1016,10.58147382736206,109,18.10881233215332,0.0,18.10881233215332,12.888716697692871,0.7834424376487732,0.8078,2,0.07864458858966827,0.0825,4,0.002846299670636654,0.0199,1,0.7617972493171692,0.7831,2,0.07322201132774353,0.0790,4,0.0018957345746457577,0.0100,4,2094030336.0,0.8224716782569885,0.8225,5,0.08277008682489395,0.0828,5,0.026565464213490486,0.0266,5,0.8066059350967407,0.8066,5,0.07624002546072006,0.0802,1,0.018483411520719528,0.0185,5,0.4685925245285034
Cora,n2v,sg_aug,1,0.1,10.0,events.out.tfevents.1733332150.d1016,10.697624921798706,109,17.937219619750977,0.0,17.937219619750977,26.071819305419922,0.8028860688209534,0.8062,2,0.07832079380750656,0.0783,4,0.023719165474176407,0.0237,4,0.7734366059303284,0.7882,3,0.08340544998645782,0.0834,4,0.013744075782597065,0.0185,3,2094030336.0,0.7882532477378845,0.8088,1,0.07426875829696655,0.0779,1,0.03795066475868225,0.0380,5,0.7613400816917419,0.8020,1,0.08445650339126587,0.0845,5,0.02369668148458004,0.0237,5,0.342498779296875
Cora,n2v,sg_aug,1,0.1,100.0,events.out.tfevents.1733332127.d1016,10.760312795639038,109,36.02485275268555,0.0,36.02485275268555,1864.0643310546875,0.8112490773200989,0.8228,2,0.08797154575586319,0.0880,4,0.03036053106188774,0.0304,4,0.7885867357254028,0.8240,2,0.09466633945703506,0.0947,4,0.02606634981930256,0.0308,3,2094030336.0,0.8360766768455505,0.8361,5,0.09130693227052689,0.0913,5,0.02561669796705246,0.0256,5,0.8353168964385986,0.8353,5,0.09390725195407867,0.0939,5,0.022274881601333618,0.0223,5,0.32558923959732056
Cora,n2v,sg_aug,10,0.1,0.1,events.out.tfevents.1733332286.d1016,10.994047403335571,109,13.580480575561523,0.0,13.580480575561523,12221.0166015625,0.7816001176834106,0.7925,4,0.07902318984270096,0.0790,4,0.0,0.0019,4,0.7503961324691772,0.7566,3,0.07881921529769897,0.0788,4,0.0,0.0052,1,2093932032.0,0.784701943397522,0.7877,1,0.0880306214094162,0.0880,5,0.0,0.0085,1,0.7504782676696777,0.7598,1,0.08023133128881454,0.0802,5,0.0,0.0109,1,0.6137171387672424
Cora,n2v,sg_aug,10,0.1,1.0,events.out.tfevents.1733332266.d1016,10.569578886032104,109,20.4337215423584,0.0,20.4337215423584,8436.1435546875,0.7786523699760437,0.7966,2,0.07275912165641785,0.0808,3,0.0,0.0171,4,0.7487531900405884,0.7565,2,0.07688681036233902,0.0769,4,0.0,0.0137,2,2093932032.0,0.7865685820579529,0.7892,1,0.07079911977052689,0.0778,1,0.0,0.0237,1,0.7461869120597839,0.7552,1,0.07092311233282089,0.0813,1,0.0,0.0104,1,0.6182457208633423
Cora,n2v,sg_aug,10,0.1,10.0,events.out.tfevents.1733332244.d1016,10.53451132774353,109,171.91542053222656,0.0,171.91542053222656,1333.893310546875,0.7910119295120239,0.8102,3,0.09152955561876297,0.0944,3,0.0018975331913679838,0.0057,2,0.7769384980201721,0.7966,3,0.09124930948019028,0.0912,4,0.0,0.0109,2,2093932032.0,0.8004952073097229,0.8005,5,0.1002839133143425,0.1003,5,0.0018975331913679838,0.0076,1,0.7736534476280212,0.7737,5,0.09389817714691162,0.0939,5,0.0004739336436614394,0.0081,1,0.4599987268447876
Cora,n2v,sg_aug,10,0.1,100.0,events.out.tfevents.1733332219.d1016,10.459401369094849,109,428.1546325683594,0.0,428.1546325683594,24.721399307250977,0.8223811984062195,0.8224,4,0.08892018347978592,0.0935,3,0.0,0.0266,1,0.806869387626648,0.8069,4,0.10345345735549927,0.1035,4,0.0004739336436614394,0.0318,3,2093932032.0,0.8195827603340149,0.8196,5,0.10606164485216141,0.1061,5,0.023719165474176407,0.0237,5,0.8065091967582703,0.8065,5,0.10500854253768921,0.1050,5,0.02511848323047161,0.0251,5,0.3878755569458008
Cora,n2v,sg_aug,100,0.1,0.1,events.out.tfevents.1733332382.d1016,9.853292465209961,109,12.186436653137207,0.0,12.186436653137207,52008.06640625,0.7923159599304199,0.8112,4,0.07583311200141907,0.0766,4,0.002846299670636654,0.0285,2,0.7539384365081787,0.7900,3,0.07887918502092361,0.0789,4,0.0071090045385062695,0.0237,2,2093714944.0,0.7955884337425232,0.8185,1,0.08061522990465164,0.0835,1,0.0009487665956839919,0.0256,1,0.7528992295265198,0.7835,1,0.07993124425411224,0.0800,1,0.0014218009309843183,0.0199,1,0.3115840554237366
Cora,n2v,sg_aug,100,0.1,1.0,events.out.tfevents.1733332358.d1016,9.932725429534912,109,13.041653633117676,0.0,13.041653633117676,50125.75390625,0.7898204326629639,0.8066,2,0.07215110957622528,0.0766,4,0.0,0.0285,2,0.7629831433296204,0.7904,3,0.0761939138174057,0.0762,4,0.0009478672873228788,0.0237,2,2093714944.0,0.7920902967453003,0.8090,1,0.08086863160133362,0.0835,1,0.017077798023819923,0.0256,1,0.7599393129348755,0.7835,1,0.07925345003604889,0.0800,1,0.014691943302750587,0.0199,1,0.26078104972839355
Cora,n2v,sg_aug,100,0.1,10.0,events.out.tfevents.1733332337.d1016,10.12431526184082,109,43.090110778808594,0.0,43.090110778808594,37905.875,0.7764585018157959,0.8010,3,0.08002747595310211,0.0800,4,0.011385198682546616,0.0285,2,0.7551749348640442,0.7906,3,0.08381430804729462,0.0838,4,0.0071090045385062695,0.0237,2,2093714944.0,0.7921716570854187,0.8098,1,0.0752345621585846,0.0835,1,0.016129031777381897,0.0256,1,0.7603568434715271,0.7860,1,0.07924813777208328,0.0800,1,0.012796208262443542,0.0199,1,0.308310866355896
Cora,n2v,sg_aug,100,0.1,100.0,events.out.tfevents.1733332316.d1016,9.846912860870361,109,9696.1875,0.0,9696.1875,6817.95947265625,0.8189399242401123,0.8278,2,0.0942106768488884,0.0942,4,0.023719165474176407,0.0285,2,0.7993732690811157,0.8123,3,0.10100258886814117,0.1010,4,0.029383886605501175,0.0294,4,2093714944.0,0.8230335712432861,0.8230,5,0.09819664061069489,0.0982,5,0.007590132765471935,0.0256,1,0.8121570348739624,0.8122,5,0.0946350246667862,0.0946,5,0.012796208262443542,0.0199,1,0.419698029756546
Cora,n2v,sg_aug,1000000000,0.1,0.1,events.out.tfevents.1733332474.d1016,10.716421365737915,109,12.10794448852539,0.0,12.10794448852539,65881.0703125,0.8115106225013733,0.8115,4,0.08692608773708344,0.0869,4,0.02087286487221718,0.0285,2,0.7917479872703552,0.7922,3,0.08063185214996338,0.0806,4,0.021800948306918144,0.0237,2,2093714944.0,0.8060393929481506,0.8060,5,0.09003015607595444,0.0900,5,0.016129031777381897,0.0256,1,0.791716456413269,0.7917,5,0.08148729801177979,0.0815,5,0.013744075782597065,0.0199,1,0.28779980540275574
Cora,n2v,sg_aug,1000000000,0.1,1.0,events.out.tfevents.1733332453.d1016,10.71649980545044,109,12.10794448852539,0.0,12.10794448852539,65881.0703125,0.806672215461731,0.8067,4,0.08692608773708344,0.0869,4,0.02087286487221718,0.0285,2,0.7898202538490295,0.7940,3,0.08063185214996338,0.0806,4,0.021800948306918144,0.0237,2,2093714944.0,0.8005940914154053,0.8006,5,0.09003015607595444,0.0900,5,0.016129031777381897,0.0256,1,0.7905085682868958,0.7905,5,0.08148729801177979,0.0815,5,0.013744075782597065,0.0199,1,0.28779980540275574
Cora,n2v,sg_aug,1000000000,0.1,10.0,events.out.tfevents.1733332422.d1016,10.871117115020752,109,12.10794448852539,0.0,12.10794448852539,65881.078125,0.8178792595863342,0.8179,4,0.08692608773708344,0.0869,4,0.02087286487221718,0.0285,2,0.802471399307251,0.8027,3,0.08063185214996338,0.0806,4,0.021800948306918144,0.0237,2,2093714944.0,0.8129048943519592,0.8129,5,0.09003015607595444,0.0900,5,0.016129031777381897,0.0256,1,0.8001912236213684,0.8002,5,0.08148729801177979,0.0815,5,0.013744075782597065,0.0199,1,0.28779980540275574
Cora,n2v,sg_aug,1000000000,0.1,100.0,events.out.tfevents.1733332402.d1016,10.652333498001099,109,12.10794448852539,0.0,12.10794448852539,65881.078125,0.8121400475502014,0.8122,3,0.08692608773708344,0.0869,4,0.02087286487221718,0.0285,2,0.7877151370048523,0.7912,3,0.08063185214996338,0.0806,4,0.021800948306918144,0.0237,2,2093714944.0,0.8063414692878723,0.8071,1,0.09003015607595444,0.0900,5,0.016129031777381897,0.0256,1,0.7865332961082458,0.7865,5,0.08148729801177979,0.0815,5,0.013744075782597065,0.0199,1,0.28779980540275574
PubMed,line,sg,10,0.1,1.0,events.out.tfevents.1733338967.d1016,32.360968351364136,2424,189.76431274414062,1611.4046630859375,1801.1689453125,3159.409423828125,0.6571134328842163,0.6571,4,0.04865126684308052,0.0487,4,0.016583934426307678,0.0252,2,0.652410626411438,0.6524,4,0.04711311683058739,0.0471,4,0.01579422317445278,0.0208,2,395255296.0,0.6657784581184387,0.6658,5,0.04657289385795593,0.0466,5,0.015230144374072552,0.0155,1,0.6623163223266602,0.6623,5,0.04482019320130348,0.0448,5,0.015173736028373241,0.0166,1,1.001041054725647
PubMed,line,sg_aug,1,0.1,0.1,events.out.tfevents.1733339154.d1016,32.82287955284119,2424,2.6822275685844943e-05,0.0,2.6822275685844943e-05,9107.3291015625,0.6953679323196411,0.6975,3,0.0644342452287674,0.0644,4,0.02876804955303669,0.0322,2,0.6852286458015442,0.6892,3,0.062215108424425125,0.0644,3,0.028486011549830437,0.0342,4,395255296.0,0.6961773037910461,0.6962,5,0.06738114356994629,0.0674,5,0.02425541542470455,0.0243,5,0.6844934225082397,0.6845,5,0.06722415238618851,0.0672,5,0.027357852086424828,0.0274,5,0.7226392030715942
PubMed,line,sg_aug,1,0.1,1.0,events.out.tfevents.1733339106.d1016,32.58469319343567,2424,69.0780029296875,0.0,69.0780029296875,11832.3173828125,0.7118790745735168,0.7119,4,0.0708431527018547,0.0715,3,0.047495488077402115,0.0475,4,0.7133733034133911,0.7134,4,0.06991083174943924,0.0699,4,0.04664936661720276,0.0466,4,395255296.0,0.6991770267486572,0.6998,1,0.07115650177001953,0.0712,5,0.047495488077402115,0.0475,5,0.6939845681190491,0.6940,5,0.07134231925010681,0.0713,5,0.05245938524603844,0.0525,5,0.7460629940032959
PubMed,line,sg_aug,1,0.1,10.0,events.out.tfevents.1733339062.d1016,32.826056241989136,2424,0.055775273591279984,0.0,0.055775273591279984,12619.720703125,0.6232753396034241,0.6239,4,0.02511621080338955,0.0251,4,0.006768953055143356,0.0068,4,0.6231148838996887,0.6231,4,0.025665100663900375,0.0268,3,0.007671480067074299,0.0083,3,395255296.0,0.6265628337860107,0.6340,1,0.023677455261349678,0.0264,1,0.0055279782973229885,0.0055,5,0.6251396536827087,0.6295,1,0.02513604238629341,0.0267,1,0.006317689549177885,0.0063,5,0.9824792146682739
PubMed,line,sg_aug,1,0.1,100.0,events.out.tfevents.1733339013.d1016,33.24992752075195,2424,3.4334678649902344,0.0,3.4334678649902344,12825.5537109375,0.6281570792198181,0.6282,4,0.02165018767118454,0.0274,3,0.007333032321184874,0.0082,3,0.6252180933952332,0.6252,4,0.021511325612664223,0.0276,4,0.008461191318929195,0.0093,3,395255296.0,0.6318363547325134,0.6318,5,0.020893676206469536,0.0281,1,0.004399819299578667,0.0063,1,0.6302571892738342,0.6303,5,0.02041790820658207,0.0272,1,0.004512635525316,0.0073,1,1.1074275970458984
PubMed,line,sg_aug,10,0.1,0.1,events.out.tfevents.1733339332.d1016,31.61679434776306,2424,2.276903614983894e-05,0.0,2.276903614983894e-05,523.7027587890625,0.697279691696167,0.6973,4,0.06547645479440689,0.0655,4,0.03384476527571678,0.0370,3,0.6875267624855042,0.6875,4,0.06462624669075012,0.0646,4,0.03497292473912239,0.0377,3,395255296.0,0.7005715370178223,0.7006,5,0.06647802144289017,0.0665,5,0.031814079731702805,0.0320,1,0.687284529209137,0.6873,5,0.06652726978063583,0.0665,5,0.03474729135632515,0.0347,5,0.7522058486938477
PubMed,line,sg_aug,10,0.1,1.0,events.out.tfevents.1733339286.d1016,31.430060863494873,2424,0.0003518019220791757,0.0,0.0003518019220791757,1150.82568359375,0.6884248852729797,0.6917,3,0.0643666610121727,0.0644,4,0.035311371088027954,0.0353,4,0.6901487112045288,0.6901,4,0.0650656446814537,0.0651,4,0.03322427719831467,0.0384,3,395255296.0,0.705334484577179,0.7053,5,0.06659023463726044,0.0666,5,0.05189530551433563,0.0519,5,0.7081090211868286,0.7081,5,0.06800130754709244,0.0680,5,0.052233755588531494,0.0522,5,0.7322778105735779
PubMed,line,sg_aug,10,0.1,10.0,events.out.tfevents.1733339244.d1016,31.674822092056274,2424,0.022453129291534424,0.0,0.022453129291534424,174.45004272460938,0.6336683630943298,0.6400,4,0.03355943411588669,0.0352,3,0.010717509314417839,0.0162,3,0.6348154544830322,0.6353,4,0.03437712416052818,0.0352,3,0.011281588114798069,0.0141,3,395255296.0,0.6431480646133423,0.6431,5,0.027457209303975105,0.0328,1,0.007558664306998253,0.0097,1,0.6435734629631042,0.6436,5,0.032204147428274155,0.0328,1,0.009476534090936184,0.0095,5,0.8432859182357788
PubMed,line,sg_aug,10,0.1,100.0,events.out.tfevents.1733339197.d1016,31.39915895462036,2424,1.3293914794921875,0.0,1.3293914794921875,0.00022576714400202036,0.6158352494239807,0.6158,4,0.030180485919117928,0.0339,4,0.008122744038701057,0.0081,4,0.6070860028266907,0.6071,4,0.031409747898578644,0.0332,4,0.008009927347302437,0.0091,2,395255296.0,0.6233125329017639,0.6233,5,0.02975749969482422,0.0350,1,0.007445848546922207,0.0082,1,0.6192429661750793,0.6192,5,0.029015548527240753,0.0335,1,0.007333032321184874,0.0081,1,1.1769124269485474
PubMed,line,sg_aug,100,0.1,0.1,events.out.tfevents.1733339510.d1016,31.501026153564453,2424,70.20822143554688,0.0,70.20822143554688,110307.671875,0.7086713910102844,0.7087,4,0.06736071407794952,0.0674,4,0.03677797690033913,0.0368,4,0.7028926014900208,0.7029,4,0.06447514146566391,0.0645,4,0.03689079359173775,0.0415,4,395255296.0,0.7212775945663452,0.7213,5,0.0656580850481987,0.0657,5,0.03756769001483917,0.0376,5,0.7165883779525757,0.7166,5,0.06389404833316803,0.0639,5,0.03959837555885315,0.0396,5,0.5815284252166748
PubMed,line,sg_aug,100,0.1,1.0,events.out.tfevents.1733339463.d1016,31.26577591896057,2424,0.00041363859781995416,0.0,0.00041363859781995416,514276.0,0.7096308469772339,0.7096,4,0.06840228289365768,0.0684,4,0.0382445864379406,0.0405,3,0.6988224387168884,0.6988,4,0.0637190118432045,0.0637,4,0.0350293330848217,0.0378,3,395255296.0,0.712579607963562,0.7126,5,0.06803837418556213,0.0680,5,0.03328068554401398,0.0333,5,0.7000671029090881,0.7001,5,0.06585443019866943,0.0659,5,0.036101084202528,0.0361,5,0.6433284878730774
PubMed,line,sg_aug,100,0.1,10.0,events.out.tfevents.1733339421.d1016,31.62244200706482,2424,0.0006589548429474235,0.0,0.0006589548429474235,499980.40625,0.6560410261154175,0.6773,4,0.04767303913831711,0.0478,3,0.02639891766011715,0.0264,4,0.6485685110092163,0.6675,4,0.04378272965550423,0.0438,4,0.021942690014839172,0.0219,4,395255296.0,0.6633696556091309,0.6821,1,0.047795265913009644,0.0478,5,0.01816335693001747,0.0194,1,0.6563382744789124,0.6718,1,0.04179712384939194,0.0422,1,0.021435018628835678,0.0214,5,0.9474383592605591
PubMed,line,sg_aug,100,0.1,100.0,events.out.tfevents.1733339375.d1016,31.87053108215332,2424,0.00022233958588913083,0.0,0.00022233958588913083,528703.625,0.6514886021614075,0.6752,4,0.036893852055072784,0.0419,4,0.009702165611088276,0.0098,3,0.6457173228263855,0.6698,4,0.03610818833112717,0.0405,4,0.006938176695257425,0.0118,4,395255296.0,0.6617765426635742,0.6719,1,0.03819727897644043,0.0435,1,0.009476534090936184,0.0106,1,0.659223198890686,0.6679,1,0.03709307685494423,0.0411,1,0.008743231184780598,0.0087,5,1.1747993230819702
PubMed,line,sg_aug,1000000000,0.1,0.1,events.out.tfevents.1733339688.d1016,31.383692502975464,2424,69.07755279541016,0.0,69.07755279541016,7917.82177734375,0.6946877837181091,0.6947,4,0.061937689781188965,0.0619,4,0.033055052161216736,0.0331,4,0.6868672370910645,0.6869,4,0.061790890991687775,0.0618,4,0.03282942250370979,0.0328,4,395255296.0,0.6935031414031982,0.6967,1,0.05973242223262787,0.0597,5,0.02154783345758915,0.0265,1,0.6853373646736145,0.6875,1,0.060294512659311295,0.0603,5,0.022393953055143356,0.0337,1,0.5436158776283264
PubMed,line,sg_aug,1000000000,0.1,1.0,events.out.tfevents.1733339640.d1016,31.39715337753296,2424,69.07755279541016,0.0,69.07755279541016,7917.822265625,0.6897332668304443,0.6897,4,0.061937689781188965,0.0619,4,0.033055052161216736,0.0331,4,0.6855819225311279,0.6856,4,0.061790890991687775,0.0618,4,0.03282942250370979,0.0328,4,395255296.0,0.6871962547302246,0.6943,1,0.05973242223262787,0.0597,5,0.02154783345758915,0.0265,1,0.6839846968650818,0.6865,1,0.060294512659311295,0.0603,5,0.022393953055143356,0.0337,1,0.5436158776283264
PubMed,line,sg_aug,1000000000,0.1,10.0,events.out.tfevents.1733339601.d1016,31.489073514938354,2424,69.07755279541016,0.0,69.07755279541016,7917.82177734375,0.6920973062515259,0.6921,4,0.061937689781188965,0.0619,4,0.033055052161216736,0.0331,4,0.6853426098823547,0.6853,4,0.061790890991687775,0.0618,4,0.03282942250370979,0.0328,4,395255296.0,0.6926025748252869,0.6941,1,0.05973242223262787,0.0597,5,0.02154783345758915,0.0265,1,0.6842533946037292,0.6924,1,0.060294512659311295,0.0603,5,0.022393953055143356,0.0337,1,0.5436158776283264
PubMed,line,sg_aug,1000000000,0.1,100.0,events.out.tfevents.1733339555.d1016,31.44566774368286,2424,69.07755279541016,0.0,69.07755279541016,7917.82177734375,0.6971737146377563,0.6972,4,0.061937689781188965,0.0619,4,0.033055052161216736,0.0331,4,0.6860841512680054,0.6861,4,0.061790890991687775,0.0618,4,0.03282942250370979,0.0328,4,395255296.0,0.694632887840271,0.6994,1,0.05973242223262787,0.0597,5,0.02154783345758915,0.0265,1,0.6855666041374207,0.6860,1,0.060294512659311295,0.0603,5,0.022393953055143356,0.0337,1,0.5436158776283264
PubMed,n2v,sg,10,0.1,1.0,events.out.tfevents.1733337633.d1016,67.90260910987854,774,5735.2236328125,46224.46875,51959.69140625,27232.228515625,0.8133063316345215,0.8460,3,0.1828557699918747,0.1871,4,0.06486913561820984,0.0731,3,0.8112908601760864,0.8441,3,0.17215368151664734,0.1822,4,0.08145307004451752,0.1005,3,3165691392.0,0.8395033478736877,0.8395,5,0.18673579394817352,0.1908,1,0.09814982116222382,0.0981,5,0.8389101624488831,0.8389,5,0.17828038334846497,0.1855,1,0.09600631892681122,0.0960,5,0.09776458144187927
PubMed,n2v,sg_aug,1,0.1,0.1,events.out.tfevents.1733337942.d1016,63.20043659210205,774,0.3614819645881653,0.0,0.3614819645881653,332.3693542480469,0.7311937808990479,0.7729,3,0.09812171757221222,0.1002,4,0.02662454918026924,0.0381,3,0.7257165312767029,0.7695,3,0.0968075543642044,0.0968,4,0.019404331222176552,0.0430,3,2128685568.0,0.7408469319343567,0.7809,1,0.10040868073701859,0.1041,1,0.029219314455986023,0.0296,1,0.734174907207489,0.7755,1,0.09843793511390686,0.0992,1,0.026906589046120644,0.0359,1,0.24858826398849487
PubMed,n2v,sg_aug,1,0.1,1.0,events.out.tfevents.1733337870.d1016,59.25523638725281,774,0.9579384326934814,0.0,0.9579384326934814,699.3296508789062,0.7468680739402771,0.7743,3,0.09953440725803375,0.0995,4,0.02763989195227623,0.0287,3,0.7447472810745239,0.7724,3,0.09598477929830551,0.0960,4,0.03271660581231117,0.0357,3,2128685568.0,0.7642285823822021,0.7642,5,0.10081295669078827,0.1008,5,0.03012184053659439,0.0308,1,0.7628564238548279,0.7629,5,0.09649770706892014,0.0965,5,0.03158844634890556,0.0336,1,0.2700411081314087
PubMed,n2v,sg_aug,1,0.1,10.0,events.out.tfevents.1733337793.d1016,60.3600959777832,774,6.448028087615967,0.0,6.448028087615967,10431.6796875,0.7441429495811462,0.7799,4,0.1070791557431221,0.1083,4,0.028316786512732506,0.0353,1,0.7407243847846985,0.7803,4,0.10226558893918991,0.1049,4,0.03581904247403145,0.0358,4,2128685568.0,0.7940784096717834,0.7941,5,0.10550520569086075,0.1079,1,0.034296028316020966,0.0359,1,0.7907201647758484,0.7907,5,0.10239837318658829,0.1035,1,0.03564981743693352,0.0356,5,0.19987083971500397
PubMed,n2v,sg_aug,1,0.1,100.0,events.out.tfevents.1733337718.d1016,59.49195599555969,774,83.04014587402344,0.0,83.04014587402344,7091.2705078125,0.8237179517745972,0.8256,4,0.13124802708625793,0.1312,4,0.028316786512732506,0.0283,4,0.8184210062026978,0.8186,4,0.1310301125049591,0.1310,4,0.03203970938920975,0.0320,4,2128685568.0,0.8211483359336853,0.8327,1,0.1389348804950714,0.1389,5,0.023240072652697563,0.0232,5,0.8160731196403503,0.8265,1,0.1370416283607483,0.1370,5,0.028203971683979034,0.0282,5,0.19082891941070557
PubMed,n2v,sg_aug,10,0.1,0.1,events.out.tfevents.1733338254.d1016,62.49008512496948,774,0.06515876203775406,0.0,0.06515876203775406,14.06241512298584,0.7456115484237671,0.7964,2,0.10905597358942032,0.1094,4,0.041403427720069885,0.0450,3,0.7399800419807434,0.7910,2,0.1040206328034401,0.1064,3,0.04585965722799301,0.0459,4,2128685568.0,0.7322789430618286,0.7366,1,0.11406472325325012,0.1141,5,0.04354692995548248,0.0435,5,0.7284420728683472,0.7349,1,0.10857775807380676,0.1107,1,0.049864619970321655,0.0499,5,0.2685673236846924
PubMed,n2v,sg_aug,10,0.1,1.0,events.out.tfevents.1733338176.d1016,63.198583364486694,774,0.04082395136356354,0.0,0.04082395136356354,13.381091117858887,0.7387971878051758,0.7536,4,0.11206676810979843,0.1176,4,0.047382671386003494,0.0510,3,0.7343832850456238,0.7505,4,0.10835733264684677,0.1166,4,0.05420803278684616,0.0542,4,2128685568.0,0.7383209466934204,0.7383,5,0.11875912547111511,0.1188,5,0.0005640794406645,0.0430,1,0.7351416945457458,0.7351,5,0.11651228368282318,0.1165,5,0.00022563176753465086,0.0424,1,0.23740041255950928
PubMed,n2v,sg_aug,10,0.1,10.0,events.out.tfevents.1733338099.d1016,61.580076456069946,774,0.06905718147754669,0.0,0.06905718147754669,79.20188903808594,0.7343875169754028,0.7781,1,0.1233447790145874,0.1237,4,0.04467508941888809,0.0447,4,0.7333155274391174,0.7759,1,0.11741841584444046,0.1229,4,0.051162004470825195,0.0512,4,2128685568.0,0.7597821950912476,0.7598,5,0.12635348737239838,0.1288,1,0.039259929209947586,0.0393,5,0.7594967484474182,0.7595,5,0.12258646637201309,0.1226,5,0.049751803278923035,0.0498,5,0.1986284703016281
PubMed,n2v,sg_aug,10,0.1,100.0,events.out.tfevents.1733338021.d1016,62.394447565078735,774,24.404987335205078,0.0,24.404987335205078,278.2847900390625,0.7867139577865601,0.8068,3,0.12671755254268646,0.1275,4,0.022563176229596138,0.0323,2,0.7842461466789246,0.8083,2,0.11942875385284424,0.1237,4,0.03266019746661186,0.0327,4,2128685568.0,0.783000111579895,0.7863,1,0.13116712868213654,0.1316,1,0.0007897111936472356,0.0284,1,0.7838857769966125,0.7858,1,0.12173744291067123,0.1267,1,0.0008461191318929195,0.0320,1,0.10587860643863678
PubMed,n2v,sg_aug,100,0.1,0.1,events.out.tfevents.1733338560.d1016,62.603453397750854,774,0.13296794891357422,0.0,0.13296794891357422,6492.65087890625,0.7161874175071716,0.7396,1,0.10946868360042572,0.1125,4,0.0,0.0152,3,0.7179592847824097,0.7391,1,0.10286449640989304,0.1090,4,0.0,0.0140,3,2128685568.0,0.7322050929069519,0.7322,5,0.11222238838672638,0.1122,5,0.0,0.0000,1,0.7349249720573425,0.7349,5,0.10878873616456985,0.1108,1,0.0,0.0000,1,0.24603167176246643
PubMed,n2v,sg_aug,100,0.1,1.0,events.out.tfevents.1733338482.d1016,61.80075144767761,774,0.21663260459899902,0.0,0.21663260459899902,7167.38037109375,0.756834089756012,0.7568,4,0.11402126401662827,0.1145,4,0.0,0.0334,3,0.7528796792030334,0.7529,4,0.11226566135883331,0.1123,4,0.0,0.0389,3,2128685568.0,0.765702486038208,0.7657,5,0.11785872280597687,0.1179,5,0.0,0.0002,1,0.7613425850868225,0.7613,5,0.11604774743318558,0.1160,5,0.0,0.0005,1,0.19167304039001465
PubMed,n2v,sg_aug,100,0.1,10.0,events.out.tfevents.1733338408.d1016,61.2321560382843,774,0.0034796269610524178,0.0,0.0034796269610524178,298839.71875,0.7970609664916992,0.8080,3,0.12105469405651093,0.1220,4,0.009138086810708046,0.0382,4,0.795444130897522,0.8063,3,0.11987350136041641,0.1199,4,0.012071299366652966,0.0437,4,2128685568.0,0.7328330874443054,0.7720,1,0.11883038282394409,0.1207,1,0.0,0.0080,1,0.73151695728302,0.7708,1,0.11703207343816757,0.1184,1,0.0,0.0130,1,0.1487913727760315
PubMed,n2v,sg_aug,100,0.1,100.0,events.out.tfevents.1733338331.d1016,63.332305669784546,774,6.844252109527588,0.0,6.844252109527588,578921.375,0.8328072428703308,0.8328,4,0.10091116279363632,0.1143,4,0.008799638599157333,0.0235,3,0.8344066143035889,0.8344,4,0.09675648808479309,0.1143,4,0.009927798062562943,0.0300,3,2128685568.0,0.8296585083007812,0.8297,5,0.09597490727901459,0.1149,1,0.015455775894224644,0.0256,1,0.8322200775146484,0.8322,5,0.09472154825925827,0.1134,1,0.018332581967115402,0.0267,1,0.23995468020439148
PubMed,n2v,sg_aug,1000000000,0.1,0.1,events.out.tfevents.1733338886.d1016,63.52324914932251,774,0.11202724277973175,0.0,0.11202724277973175,449148.65625,0.7802596092224121,0.7803,4,0.10651981830596924,0.1065,4,0.0055279782973229885,0.0227,3,0.77516108751297,0.7759,1,0.10155879706144333,0.1028,4,0.006148465443402529,0.0259,3,2128685568.0,0.7752317190170288,0.7752,5,0.10886743664741516,0.1109,1,0.0031588447745889425,0.0032,5,0.7684054374694824,0.7684,5,0.10659872740507126,0.1090,1,0.0032152526546269655,0.0032,5,0.2083197385072708
PubMed,n2v,sg_aug,1000000000,0.1,1.0,events.out.tfevents.1733338804.d1016,63.878225803375244,774,0.11202724277973175,0.0,0.11202724277973175,449148.6875,0.7796082496643066,0.7796,4,0.10651981830596924,0.1065,4,0.0055279782973229885,0.0227,3,0.7771891355514526,0.7787,1,0.10155879706144333,0.1028,4,0.006148465443402529,0.0259,3,2128685568.0,0.7741907238960266,0.7742,5,0.10886743664741516,0.1109,1,0.0031588447745889425,0.0032,5,0.7712559700012207,0.7713,5,0.10659872740507126,0.1090,1,0.0032152526546269655,0.0032,5,0.2083197385072708
PubMed,n2v,sg_aug,1000000000,0.1,10.0,events.out.tfevents.1733338722.d1016,61.76426935195923,774,0.11202724277973175,0.0,0.11202724277973175,449148.6875,0.7791514992713928,0.7792,4,0.10651981830596924,0.1065,4,0.0055279782973229885,0.0227,3,0.7730533480644226,0.7756,1,0.10155879706144333,0.1028,4,0.006148465443402529,0.0259,3,2128685568.0,0.7734271287918091,0.7734,5,0.10886743664741516,0.1109,1,0.0031588447745889425,0.0032,5,0.7670176029205322,0.7670,5,0.10659872740507126,0.1090,1,0.0032152526546269655,0.0032,5,0.2083197385072708
PubMed,n2v,sg_aug,1000000000,0.1,100.0,events.out.tfevents.1733338640.d1016,62.35275220870972,774,0.11202724277973175,0.0,0.11202724277973175,449148.625,0.7789756655693054,0.7790,4,0.10651981830596924,0.1065,4,0.0055279782973229885,0.0227,3,0.7774419784545898,0.7797,1,0.10155879706144333,0.1028,4,0.006148465443402529,0.0259,3,2128685568.0,0.7731850147247314,0.7732,5,0.10886743664741516,0.1109,1,0.0031588447745889425,0.0032,5,0.7710824012756348,0.7711,5,0.10659872740507126,0.1090,1,0.0032152526546269655,0.0032,5,0.2083197385072708
ogbl-citation2,line,sg,10,0.01,1.0,events.out.tfevents.1733283245.d1024,2624.959705591202,29675,4252.744140625,6006.11181640625,10258.85546875,1443.5894775390625,0.5866143703460693,0.5868,3,0.028900999575853348,0.0312,3,0.01687145046889782,0.0198,3,0.58628249168396,0.5888,3,0.02899695746600628,0.0307,3,0.016963832080364227,0.0204,3,8020381184.0,0.5876558423042297,0.5877,1,0.03432052209973335,0.0343,1,0.023361356928944588,0.0234,1,0.5875760912895203,0.5876,1,0.03399459645152092,0.0340,1,0.023361356928944588,0.0234,1,1.4481916427612305
ogbl-citation2,line,sg_aug,1,0.01,0.1,events.out.tfevents.1733344409.d1009,959.2258589267731,8216,5044.94921875,0.0,5044.94921875,4757.56298828125,,,,,,,,,,,,,,,,,,,,,,,,,,,,,,,,,,,,,,
ogbl-citation2,line,sg_aug,1,0.01,1.0,events.out.tfevents.1733340249.d1009,4129.373341798782,29675,3401.31494140625,0.0,3401.31494140625,3476.346923828125,0.6150599122047424,0.6151,4,0.03163163736462593,0.0316,4,0.009226754307746887,0.0092,4,0.6171239614486694,0.6171,4,0.031065817922353745,0.0311,4,0.009342233650386333,0.0093,4,8019315200.0,0.6169564723968506,0.6170,1,0.031850311905145645,0.0319,1,0.009307589381933212,0.0093,1,0.6189720034599304,0.6190,1,0.030911216512322426,0.0309,1,0.009169015102088451,0.0092,1,1.4623972177505493
ogbl-citation2,line,sg_aug,1,0.01,10.0,events.out.tfevents.1733336082.d1009,4133.670217514038,29675,3277.273193359375,0.0,3277.273193359375,14504.474609375,0.6075393557548523,0.6075,4,0.05875762552022934,0.0613,2,0.028500162065029144,0.0296,2,0.6094691157341003,0.6095,4,0.05853959918022156,0.0608,2,0.03400849923491478,0.0354,3,8019315200.0,0.6068841814994812,0.6069,1,0.05921204760670662,0.0592,1,0.03243798762559891,0.0324,1,0.6110573410987854,0.6111,1,0.05863528698682785,0.0586,1,0.030336275696754456,0.0303,1,1.44356107711792
ogbl-citation2,line,sg_aug,1,0.01,100.0,events.out.tfevents.1733331913.d1009,4138.543828248978,29675,3415.40771484375,0.0,3415.40771484375,16152.806640625,0.586993932723999,0.5870,4,0.056324414908885956,0.0563,4,0.03181440383195877,0.0347,2,0.5855696201324463,0.5862,3,0.05665462091565132,0.0567,4,0.036987852305173874,0.0370,4,8019315200.0,0.5851234197616577,0.5851,1,0.05709553882479668,0.0571,1,0.03400849923491478,0.0340,1,0.586692750453949,0.5867,1,0.0571235753595829,0.0571,1,0.03423945605754852,0.0342,1,1.4040095806121826
ogbl-citation2,n2v,sg,10,0.01,1.0,events.out.tfevents.1733259236.d1024,1503.321043252945,2859,169252.65625,788930.75,958183.375,3209465.25,0.8380016088485718,0.8387,3,0.06191304326057434,0.0619,4,0.019273407757282257,0.0239,3,0.8390381336212158,0.8390,4,0.06234043464064598,0.0623,4,0.020820824429392815,0.0219,3,19257825280.0,0.8405468463897705,0.8405,1,0.06241999566555023,0.0624,1,0.025001155212521553,0.0250,1,0.8425293564796448,0.8425,1,0.06321308016777039,0.0632,1,0.017021572217345238,0.0170,1,0.8502790331840515
ogbl-citation2,n2v,sg_aug,1,0.01,0.1,events.out.tfevents.1733265382.d1024,1456.380603313446,2859,83106.40625,0.0,83106.40625,0.08143224567174911,0.8244932889938354,0.8245,3,0.0677412748336792,0.0681,3,0.015000693500041962,0.0164,2,0.823859691619873,0.8256,3,0.06818384677171707,0.0687,3,0.014758188277482986,0.0174,3,15006537728.0,0.8231192827224731,0.8231,1,0.06685109436511993,0.0669,1,0.01498914510011673,0.0150,1,0.8254444003105164,0.8254,1,0.06779087334871292,0.0678,1,0.012818144634366035,0.0128,1,0.8714897632598877
ogbl-citation2,n2v,sg_aug,1,0.01,1.0,events.out.tfevents.1733263902.d1024,1434.55104470253,2859,82923.015625,0.0,82923.015625,0.06266529113054276,0.8239387273788452,0.8239,4,0.06891579180955887,0.0689,4,0.012240750715136528,0.0142,3,0.82392817735672,0.8239,4,0.07000161707401276,0.0700,4,0.014180794358253479,0.0142,3,15006537728.0,0.8248443603515625,0.8248,1,0.06901511549949646,0.0690,1,0.014007575809955597,0.0140,1,0.8268439173698425,0.8268,1,0.06968730688095093,0.0697,1,0.012125271372497082,0.0121,1,0.8749948740005493
ogbl-citation2,n2v,sg_aug,1,0.01,10.0,events.out.tfevents.1733262399.d1024,1451.4894111156464,2859,80895.953125,0.0,80895.953125,2786.747802734375,0.8318836688995361,0.8319,4,0.06909642368555069,0.0691,4,0.012864336371421814,0.0143,3,0.8321107029914856,0.8323,3,0.07005414366722107,0.0701,4,0.010970483534038067,0.0132,3,15006537728.0,0.8315108418464661,0.8315,1,0.06888388097286224,0.0689,1,0.012298489920794964,0.0123,1,0.8331132531166077,0.8331,1,0.06975968182086945,0.0698,1,0.009619382210075855,0.0096,1,0.8882819414138794
ogbl-citation2,n2v,sg_aug,1,0.01,100.0,events.out.tfevents.1733260787.d1024,1559.2759320735931,2859,112303.3828125,0.0,112303.3828125,2279.284423828125,0.7348729372024536,0.7356,3,0.04973936080932617,0.0497,4,0.010878100991249084,0.0117,2,0.7356924414634705,0.7357,4,0.04960973933339119,0.0496,4,0.014550326392054558,0.0146,4,15006537728.0,0.7330095171928406,0.7330,1,0.0494622103869915,0.0495,1,0.013765070587396622,0.0138,1,0.7343479990959167,0.7343,1,0.049452681094408035,0.0495,1,0.01058940403163433,0.0106,1,1.12021005153656
ogbl-citation2,n2v,sg_aug,10,0.01,0.1,events.out.tfevents.1733270972.d1024,1302.1575591564178,2859,98477.03125,0.0,98477.03125,5.875277042388916,0.7842172980308533,0.7843,3,0.05950864031910896,0.0595,4,0.01146704237908125,0.0130,3,0.7852956056594849,0.7853,4,0.059970058500766754,0.0600,4,0.014180794358253479,0.0142,4,15006537728.0,0.7878093123435974,0.7878,1,0.05807749181985855,0.0581,1,0.009942722506821156,0.0099,1,0.7898318767547607,0.7898,1,0.05816907435655594,0.0582,1,0.010035105980932713,0.0100,1,0.955109715461731
ogbl-citation2,n2v,sg_aug,10,0.01,1.0,events.out.tfevents.1733269583.d1024,1330.356323003769,2859,97899.265625,0.0,97899.265625,4.117936611175537,0.7872517108917236,0.7893,3,0.060921669006347656,0.0611,3,0.011051319539546967,0.0141,3,0.7872818112373352,0.7896,3,0.06095549464225769,0.0610,4,0.012771952897310257,0.0150,3,15006537728.0,0.7882059216499329,0.7882,1,0.06165488809347153,0.0617,1,0.012136819772422314,0.0121,1,0.7901092767715454,0.7901,1,0.06199292093515396,0.0620,1,0.011594069190323353,0.0116,1,0.9730871915817261
ogbl-citation2,n2v,sg_aug,10,0.01,10.0,events.out.tfevents.1733268239.d1024,1293.2325277328491,2859,94366.25,0.0,94366.25,1.8845573663711548,0.7891634106636047,0.7900,3,0.060851406306028366,0.0612,3,0.011721096001565456,0.0128,3,0.7899153232574463,0.7912,3,0.0612572617828846,0.0616,3,0.013487921096384525,0.0135,4,15006537728.0,0.7904698252677917,0.7905,1,0.06096916273236275,0.0610,1,0.01270266529172659,0.0127,1,0.7922921180725098,0.7923,1,0.06130856275558472,0.0613,1,0.011755739338696003,0.0118,1,0.9609363079071045
ogbl-citation2,n2v,sg_aug,10,0.01,100.0,events.out.tfevents.1733266888.d1024,1302.3971166610718,2859,102752.453125,0.0,102752.453125,20735.125,0.7726385593414307,0.7739,3,0.055328674614429474,0.0555,3,0.009630930610001087,0.0140,3,0.7739661931991577,0.7756,3,0.05550254508852959,0.0555,4,0.012159915640950203,0.0130,3,15006537728.0,0.7727763056755066,0.7728,1,0.05616452544927597,0.0562,1,0.012379324994981289,0.0124,1,0.7749001383781433,0.7749,1,0.056223314255476,0.0562,1,0.011109058745205402,0.0111,1,1.0331902503967285
ogbl-citation2,n2v,sg_aug,100,0.01,0.1,events.out.tfevents.1733276439.d1024,1319.0024149417877,2859,97945.6875,0.0,97945.6875,4094.552490234375,0.7819994688034058,0.7827,3,0.06040627136826515,0.0606,3,0.011594069190323353,0.0117,3,0.7822400331497192,0.7843,3,0.060688067227602005,0.0607,4,0.013291607610881329,0.0133,4,15006537728.0,0.7824430465698242,0.7824,1,0.060054514557123184,0.0601,1,0.011813479475677013,0.0118,1,0.78546541929245,0.7855,1,0.060261473059654236,0.0603,1,0.010300707072019577,0.0103,1,0.9574028849601746
ogbl-citation2,n2v,sg_aug,100,0.01,1.0,events.out.tfevents.1733275031.d1024,1360.365173816681,2859,97094.921875,0.0,97094.921875,2282.8125,0.7829871773719788,0.7846,3,0.058796025812625885,0.0592,3,0.009769504889845848,0.0117,3,0.782272458076477,0.7855,3,0.05913267284631729,0.0596,3,0.01150168664753437,0.0128,3,15006537728.0,0.7835742831230164,0.7836,1,0.059408847242593765,0.0594,1,0.00881103053689003,0.0088,1,0.7856149077415466,0.7856,1,0.05950460210442543,0.0595,1,0.010416185483336449,0.0104,1,0.9686726331710815
ogbl-citation2,n2v,sg_aug,100,0.01,10.0,events.out.tfevents.1733273636.d1024,1346.8853785991669,2859,96308.0390625,0.0,96308.0390625,109.7991714477539,0.7810207009315491,0.7822,3,0.059758104383945465,0.0598,4,0.011132154613733292,0.0129,3,0.7819267511367798,0.7829,3,0.06083592399954796,0.0608,4,0.011755739338696003,0.0124,3,15006537728.0,0.7824710607528687,0.7825,1,0.05938720703125,0.0594,1,0.011016675271093845,0.0110,1,0.7840985059738159,0.7841,1,0.06018083915114403,0.0602,1,0.010751074180006981,0.0108,1,0.9742734432220459
ogbl-citation2,n2v,sg_aug,100,0.01,100.0,events.out.tfevents.1733272321.d1024,1269.867861032486,2859,119576.8046875,0.0,119576.8046875,775199.5,0.7151645421981812,0.7152,4,0.04455666244029999,0.0446,4,0.01128227636218071,0.0113,4,0.7163345217704773,0.7163,4,0.04464835301041603,0.0446,4,0.013418634422123432,0.0134,4,15006537728.0,0.7168341279029846,0.7168,1,0.04592430219054222,0.0459,1,0.009342233650386333,0.0093,1,0.7177853584289551,0.7178,1,0.04561862722039223,0.0456,1,0.00970021728426218,0.0097,1,1.1554572582244873
ogbl-citation2,n2v,sg_aug,1000000000,0.01,0.1,events.out.tfevents.1733281896.d1024,1299.4963204860687,2859,81070.8828125,0.0,81070.8828125,11665711.0,0.6953664422035217,0.6971,3,0.040585074573755264,0.0406,4,0.011651808395981789,0.0141,3,0.696390688419342,0.6998,3,0.04061391204595566,0.0406,4,0.012310037389397621,0.0123,4,15006537728.0,0.6949527859687805,0.6950,1,0.041175734251737595,0.0412,1,0.014030671678483486,0.0140,1,0.6969282031059265,0.6969,1,0.04119187965989113,0.0412,1,0.010381542146205902,0.0104,1,1.1096947193145752
ogbl-citation2,n2v,sg_aug,1000000000,0.01,1.0,events.out.tfevents.1733280553.d1024,1296.6029822826385,2859,81070.8828125,0.0,81070.8828125,11665711.0,0.7008674144744873,0.7011,3,0.04142877086997032,0.0414,4,0.010970483534038067,0.0120,3,0.70184326171875,0.7035,3,0.04118428751826286,0.0412,4,0.01198669709265232,0.0120,4,15006537728.0,0.7007869482040405,0.7008,1,0.042468298226594925,0.0425,1,0.012286942452192307,0.0123,1,0.7029553651809692,0.7030,1,0.04176610708236694,0.0418,1,0.010127488523721695,0.0101,1,1.103137731552124
ogbl-citation2,n2v,sg_aug,1000000000,0.01,10.0,events.out.tfevents.1733279166.d1024,1341.9757504463196,2859,81070.8828125,0.0,81070.8828125,11665711.0,0.6998878121376038,0.6999,4,0.040458645671606064,0.0405,4,0.012310037389397621,0.0127,3,0.7020535469055176,0.7021,4,0.039828184992074966,0.0398,3,0.011363111436367035,0.0122,3,15006537728.0,0.6999146938323975,0.6999,1,0.041553303599357605,0.0416,1,0.011975149624049664,0.0120,1,0.7021836638450623,0.7022,1,0.040793534368276596,0.0408,1,0.010358446277678013,0.0104,1,1.11714768409729
ogbl-citation2,n2v,sg_aug,1000000000,0.01,100.0,events.out.tfevents.1733277807.d1024,1313.2811439037323,2859,81070.8828125,0.0,81070.8828125,11665711.0,0.6963562369346619,0.6996,3,0.039591800421476364,0.0405,3,0.010670239105820656,0.0118,3,0.6980688571929932,0.7013,3,0.03961678221821785,0.0402,3,0.012240750715136528,0.0132,2,15006537728.0,0.6955553889274597,0.6956,1,0.039843007922172546,0.0398,1,0.011409303173422813,0.0114,1,0.6967921257019043,0.6968,1,0.0398259311914444,0.0398,1,0.011039771139621735,0.0110,1,1.1276171207427979
ogbl-collab,line,sg,10,0.1,1.0,events.out.tfevents.1733261080.d1019,57.74450707435608,1151,5639.4814453125,6395.54296875,12035.0244140625,5163.5517578125,0.6627645492553711,0.6628,4,0.08859767019748688,0.0886,4,0.04974702000617981,0.0497,4,0.6325882077217102,0.6326,4,0.06432557106018066,0.0643,4,0.03406073898077011,0.0341,4,1030641152.0,0.6608984470367432,0.6609,1,0.09157785773277283,0.0916,1,0.05051261559128761,0.0505,1,0.6330773234367371,0.6331,1,0.06668192893266678,0.0667,1,0.03520473092794418,0.0352,1,1.485275149345398
ogbl-collab,line,sg_aug,1,0.1,0.1,events.out.tfevents.1733261385.d1019,62.26810836791992,1151,3732.88623046875,0.0,3732.88623046875,1909.4146728515625,0.7223713397979736,0.7259,3,0.16431032121181488,0.1643,4,0.10693362355232239,0.1069,4,0.689368724822998,0.6919,3,0.12120848149061203,0.1212,4,0.0730859711766243,0.0731,4,1030641152.0,0.7217738628387451,0.7218,1,0.1674591451883316,0.1675,1,0.1055355817079544,0.1055,1,0.688529372215271,0.6885,1,0.12459538131952286,0.1246,1,0.07451056689023972,0.0745,1,1.5826631784439087
ogbl-collab,line,sg_aug,1,0.1,1.0,events.out.tfevents.1733261306.d1019,62.09539532661438,1151,2661.653564453125,0.0,2661.653564453125,184309.578125,0.7515374422073364,0.7515,4,0.1971384882926941,0.1971,4,0.13795685768127441,0.1380,4,0.7118228673934937,0.7125,2,0.14961180090904236,0.1496,4,0.09663493186235428,0.0966,4,1030641152.0,0.752483069896698,0.7525,1,0.19941873848438263,0.1994,1,0.1448805034160614,0.1449,1,0.7120753526687622,0.7121,1,0.1534210443496704,0.1534,1,0.10142675042152405,0.1014,1,1.2351622581481934
ogbl-collab,line,sg_aug,1,0.1,10.0,events.out.tfevents.1733261227.d1019,61.56659984588623,1151,1618.07421875,0.0,1618.07421875,158196.921875,0.6826993227005005,0.6827,4,0.10890805721282959,0.1089,4,0.07978829741477966,0.0798,4,0.6490705609321594,0.6491,4,0.08143676072359085,0.0814,4,0.05113427713513374,0.0511,4,1030641152.0,0.6852198243141174,0.6852,1,0.10904639214277267,0.1090,1,0.07326409220695496,0.0733,1,0.6529536843299866,0.6530,1,0.08285952359437943,0.0829,1,0.051587559282779694,0.0516,1,1.3059508800506592
ogbl-collab,line,sg_aug,1,0.1,100.0,events.out.tfevents.1733261148.d1019,60.898681640625,1151,1758.7060546875,0.0,1758.7060546875,146156.84375,0.5000008344650269,0.5004,1,0.0020042872056365013,0.0069,0,1.664336559770163e-05,0.0008,1,0.5,0.5001,1,0.001996002160012722,0.0069,0,0.0,0.0009,1,1030641152.0,0.5,0.5000,1,0.001996007515117526,0.0020,1,0.0,0.0000,1,0.5,0.5000,1,0.0019960086792707443,0.0020,1,0.0,0.0000,1,1.3862943649291992
ogbl-collab,line,sg_aug,10,0.1,0.1,events.out.tfevents.1733261698.d1019,57.455766439437866,1151,3566.81884765625,0.0,3566.81884765625,3.6888885498046875,0.718591034412384,0.7186,4,0.1571328043937683,0.1571,4,0.11711936444044113,0.1171,4,0.6829092502593994,0.6848,3,0.11542490124702454,0.1154,4,0.0763668566942215,0.0764,4,1030641152.0,0.719041109085083,0.7190,1,0.16061988472938538,0.1606,1,0.11597096920013428,0.1160,1,0.683842122554779,0.6838,1,0.11820372194051743,0.1182,1,0.07662586867809296,0.0766,1,1.7729103565216064
ogbl-collab,line,sg_aug,10,0.1,1.0,events.out.tfevents.1733261620.d1019,57.26560878753662,1151,2963.2421875,0.0,2963.2421875,15673.02734375,0.7339128255844116,0.7339,4,0.18459764122962952,0.1846,4,0.1305505633354187,0.1306,4,0.6966695785522461,0.7024,2,0.13863469660282135,0.1386,4,0.08763409405946732,0.0876,4,1030641152.0,0.7279449701309204,0.7279,1,0.1847674697637558,0.1848,1,0.13128286600112915,0.1313,1,0.6933788061141968,0.6934,1,0.1387646645307541,0.1388,1,0.0909365639090538,0.0909,1,1.7589266300201416
ogbl-collab,line,sg_aug,10,0.1,10.0,events.out.tfevents.1733261543.d1019,57.222612142562866,1151,2112.72265625,0.0,2112.72265625,4784.998046875,0.7427720427513123,0.7428,4,0.15122129023075104,0.1512,4,0.10711669921875,0.1071,4,0.7035626173019409,0.7036,4,0.11303173005580902,0.1130,4,0.07254635542631149,0.0725,4,1030641152.0,0.7415373921394348,0.7415,1,0.15441149473190308,0.1544,1,0.10666733235120773,0.1067,1,0.7024043202400208,0.7024,1,0.115651436150074,0.1157,1,0.07237367331981659,0.0724,1,1.4748082160949707
ogbl-collab,line,sg_aug,10,0.1,100.0,events.out.tfevents.1733261468.d1019,57.32262921333313,1151,1912.0947265625,0.0,1912.0947265625,1.1608467102050781,0.5277886986732483,0.5290,3,0.038238104432821274,0.0382,4,0.04019372910261154,0.0402,4,0.514216423034668,0.5147,3,0.017935974523425102,0.0179,4,0.01312352903187275,0.0131,4,1030641152.0,0.5319953560829163,0.5320,1,0.039769645780324936,0.0398,1,0.03971106931567192,0.0397,1,0.5178430080413818,0.5178,1,0.019921328872442245,0.0199,1,0.012756588868796825,0.0128,1,1.3900303840637207
ogbl-collab,line,sg_aug,100,0.1,0.1,events.out.tfevents.1733261988.d1019,57.12018156051636,1151,3303.6318359375,0.0,3303.6318359375,3178.337158203125,0.7171108722686768,0.7173,3,0.16751541197299957,0.1675,4,0.10528592765331268,0.1053,4,0.6797797083854675,0.6825,3,0.12264567613601685,0.1226,4,0.07105700671672821,0.0711,4,1030641152.0,0.7200579047203064,0.7201,1,0.1693212240934372,0.1693,1,0.11162704974412918,0.1116,1,0.6834607124328613,0.6835,1,0.12362327426671982,0.1236,1,0.07645319402217865,0.0765,1,1.7350435256958008
ogbl-collab,line,sg_aug,100,0.1,1.0,events.out.tfevents.1733261918.d1019,56.40127778053284,1151,1065.264892578125,0.0,1065.264892578125,8354591.5,0.6161451935768127,0.6259,3,0.14036527276039124,0.1404,4,0.10358830541372299,0.1036,4,0.5803258419036865,0.6033,0,0.10377801209688187,0.1038,4,0.0685315877199173,0.0685,4,1030641152.0,0.6205852627754211,0.6206,1,0.14279094338417053,0.1428,1,0.09987683594226837,0.0999,1,0.5898592472076416,0.5899,1,0.10657189041376114,0.1066,1,0.06937339156866074,0.0694,1,1.3519737720489502
ogbl-collab,line,sg_aug,100,0.1,10.0,events.out.tfevents.1733261848.d1019,56.81684446334839,1151,845.662353515625,0.0,845.662353515625,9806885.0,0.5760281682014465,0.6078,2,0.07632145285606384,0.0871,3,0.05447373539209366,0.0632,3,0.5515652298927307,0.5894,2,0.05322341248393059,0.0629,3,0.02950635552406311,0.0379,3,1030641152.0,0.5753756761550903,0.5754,1,0.07672623544931412,0.0767,1,0.05457359552383423,0.0546,1,0.5556069016456604,0.5556,1,0.05387777462601662,0.0539,1,0.030736686661839485,0.0307,1,1.3461090326309204
ogbl-collab,line,sg_aug,100,0.1,100.0,events.out.tfevents.1733261777.d1019,56.62952995300293,1151,639.194091796875,0.0,639.194091796875,10589547.0,0.5078691840171814,0.5727,0,0.06691928207874298,0.0669,4,0.05487317591905594,0.0549,4,0.4865906238555908,0.5758,0,0.04716602340340614,0.0472,4,0.03410390764474869,0.0361,3,1030641152.0,0.5046330690383911,0.5046,1,0.06789539009332657,0.0679,1,0.05269289389252663,0.0527,1,0.4859387278556824,0.4859,1,0.04775804653763771,0.0478,1,0.03291674703359604,0.0329,1,1.3888418674468994
ogbl-collab,line,sg_aug,1000000000,0.1,0.1,events.out.tfevents.1733262263.d1019,56.79582691192627,1151,3386.6904296875,0.0,3386.6904296875,19692.09765625,0.7365737557411194,0.7367,3,0.1765129566192627,0.1765,4,0.12400971353054047,0.1240,4,0.6994423270225525,0.7003,3,0.12927287817001343,0.1293,4,0.0825616791844368,0.0826,4,1030641152.0,0.7405250668525696,0.7405,1,0.18252496421337128,0.1825,1,0.13211503624916077,0.1321,1,0.7011483907699585,0.7011,1,0.1341383010149002,0.1341,1,0.0860152393579483,0.0860,1,1.71333909034729
ogbl-collab,line,sg_aug,1000000000,0.1,1.0,events.out.tfevents.1733262196.d1019,56.83970260620117,1151,3386.6904296875,0.0,3386.6904296875,19692.09765625,0.7417082786560059,0.7417,4,0.17268730700016022,0.1727,4,0.11174355447292328,0.1117,4,0.703006386756897,0.7030,4,0.12935510277748108,0.1294,4,0.07645319402217865,0.0765,4,1030641152.0,0.7410611510276794,0.7411,1,0.17597085237503052,0.1760,1,0.11825111508369446,0.1183,1,0.7024816274642944,0.7025,1,0.131233811378479,0.1312,1,0.08180621266365051,0.0818,1,1.6987022161483765
ogbl-collab,line,sg_aug,1000000000,0.1,10.0,events.out.tfevents.1733262129.d1019,56.94673299789429,1151,3386.6904296875,0.0,3386.6904296875,19692.09765625,0.7310473918914795,0.7310,4,0.1571778506040573,0.1572,4,0.11312495917081833,0.1131,4,0.6900826096534729,0.6901,4,0.11655363440513611,0.1166,4,0.07638844102621078,0.0764,4,1030641152.0,0.7332752346992493,0.7333,1,0.16243986785411835,0.1624,1,0.11642034351825714,0.1164,1,0.6935931444168091,0.6936,1,0.12085539102554321,0.1209,1,0.07859008014202118,0.0786,1,1.6975677013397217
ogbl-collab,line,sg_aug,1000000000,0.1,100.0,events.out.tfevents.1733262059.d1019,56.824697732925415,1151,3386.6904296875,0.0,3386.6904296875,19692.095703125,0.735293984413147,0.7353,4,0.1759437620639801,0.1759,4,0.12081418931484222,0.1208,4,0.7003931403160095,0.7004,4,0.12966272234916687,0.1297,4,0.08137451857328415,0.0814,4,1030641152.0,0.7361085414886475,0.7361,1,0.17560505867004395,0.1756,1,0.126206636428833,0.1262,1,0.7010997533798218,0.7011,1,0.13124056160449982,0.1312,1,0.08525977283716202,0.0853,1,1.6832964420318604
ogbl-collab,n2v,sg,10,0.1,1.0,events.out.tfevents.1733259101.d1019,110.61962080001831,230,214212.875,1118109.5,1332322.375,3913.087646484375,0.9344997406005859,0.9373,2,0.4522888958454132,0.4523,4,0.3238632380962372,0.3239,4,0.9130798578262329,0.9166,2,0.37973371148109436,0.3797,4,0.2637225091457367,0.2637,4,13256060928.0,0.9378547072410583,0.9379,1,0.45319467782974243,0.4532,1,0.3311696946620941,0.3312,1,0.9187734127044678,0.9188,1,0.3801623284816742,0.3802,1,0.26816895604133606,0.2682,1,0.04740774631500244
ogbl-collab,n2v,sg_aug,1,0.1,0.1,events.out.tfevents.1733259581.d1019,102.6038646697998,230,38743.484375,0.0,38743.484375,151744.515625,0.9261148571968079,0.9288,3,0.23356007039546967,0.2336,4,0.0635443702340126,0.0635,4,0.9128488302230835,0.9128,4,0.19261829555034637,0.1926,4,0.04895421862602234,0.0490,4,9004771328.0,0.9321175813674927,0.9321,1,0.23381681740283966,0.2338,1,0.05945010110735893,0.0595,1,0.9176828861236572,0.9177,1,0.19456849992275238,0.1946,1,0.04914848133921623,0.0491,1,0.3009589612483978
ogbl-collab,n2v,sg_aug,1,0.1,1.0,events.out.tfevents.1733259462.d1019,105.67094707489014,230,62591.1171875,0.0,62591.1171875,3424.85107421875,0.9330415725708008,0.9347,3,0.237626314163208,0.2376,4,0.06798814982175827,0.0680,4,0.9217171669006348,0.9221,3,0.1959235519170761,0.1959,4,0.05471734702587128,0.0547,4,9004771328.0,0.9408261179924011,0.9408,1,0.24079741537570953,0.2408,1,0.08546368032693863,0.0855,1,0.92906254529953,0.9291,1,0.19935272634029388,0.1994,1,0.06205616146326065,0.0621,1,0.293721079826355
ogbl-collab,n2v,sg_aug,1,0.1,10.0,events.out.tfevents.1733259345.d1019,104.88579630851746,230,104763.203125,0.0,104763.203125,180.49209594726562,0.9379549026489258,0.9393,3,0.2501290440559387,0.2501,4,0.05617135763168335,0.0568,3,0.9243999719619751,0.9246,3,0.20584741234779358,0.2058,4,0.042198192328214645,0.0422,4,9004771328.0,0.9374747276306152,0.9375,1,0.2555191218852997,0.2555,1,0.0869116559624672,0.0869,1,0.9246968030929565,0.9247,1,0.21172387897968292,0.2117,1,0.06620043516159058,0.0662,1,0.2904793322086334
ogbl-collab,n2v,sg_aug,1,0.1,100.0,events.out.tfevents.1733259228.d1019,103.923668384552,230,133851.46875,0.0,133851.46875,160603.265625,0.9390237927436829,0.9390,4,0.30332261323928833,0.3071,3,0.16440317034721375,0.1644,4,0.9232565760612488,0.9233,4,0.24933946132659912,0.2559,3,0.12370221316814423,0.1237,4,9004771328.0,0.9385280609130859,0.9385,1,0.31777384877204895,0.3178,1,0.1465281844139099,0.1465,1,0.9212434887886047,0.9212,1,0.26654720306396484,0.2665,1,0.11327677965164185,0.1133,1,0.18068067729473114
ogbl-collab,n2v,sg_aug,10,0.1,0.1,events.out.tfevents.1733260043.d1019,103.14708876609802,230,3775.38232421875,0.0,3775.38232421875,3162902.75,0.9266648888587952,0.9267,4,0.29304584860801697,0.2930,4,0.14624525606632233,0.1462,4,0.9097084999084473,0.9097,4,0.2402229607105255,0.2402,4,0.11269398778676987,0.1127,4,9004771328.0,0.9268930554389954,0.9269,1,0.29300442337989807,0.2930,1,0.13349643349647522,0.1335,1,0.907432496547699,0.9074,1,0.24129249155521393,0.2413,1,0.09982948005199432,0.0998,1,0.2386433482170105
ogbl-collab,n2v,sg_aug,10,0.1,1.0,events.out.tfevents.1733259929.d1019,101.77684879302979,230,27799.505859375,0.0,27799.505859375,935074.0,0.93828284740448,0.9383,4,0.2983931303024292,0.2984,4,0.09461753070354462,0.1076,1,0.9247831106185913,0.9248,4,0.2462608963251114,0.2463,4,0.06915754824876785,0.0817,1,9004771328.0,0.938173770904541,0.9382,1,0.3033945560455322,0.3034,1,0.12497503310441971,0.1250,1,0.9225901365280151,0.9226,1,0.2500324547290802,0.2500,1,0.0927712619304657,0.0928,1,0.19808517396450043
ogbl-collab,n2v,sg_aug,10,0.1,10.0,events.out.tfevents.1733259812.d1019,103.7993266582489,230,85356.890625,0.0,85356.890625,23819.400390625,0.9496613144874573,0.9497,4,0.29978227615356445,0.2998,4,0.10363823920488358,0.1036,4,0.9373492002487183,0.9373,4,0.24646782875061035,0.2465,4,0.07561139017343521,0.0756,4,9004771328.0,0.9485445022583008,0.9485,1,0.3057233393192291,0.3057,1,0.1377072036266327,0.1377,1,0.9360647797584534,0.9361,1,0.2516162693500519,0.2516,1,0.0962248221039772,0.0962,1,0.19477590918540955
ogbl-collab,n2v,sg_aug,10,0.1,100.0,events.out.tfevents.1733259696.d1019,102.49696683883667,230,115425.875,0.0,115425.875,14002.7490234375,0.9521961212158203,0.9522,4,0.34207940101623535,0.3421,4,0.14782637357711792,0.1598,3,0.9392638802528381,0.9393,4,0.28306373953819275,0.2831,4,0.10699561983346939,0.1160,3,9004771328.0,0.9515349864959717,0.9515,1,0.3515028953552246,0.3515,1,0.16646693646907806,0.1665,1,0.9382042288780212,0.9382,1,0.2905474603176117,0.2905,1,0.12001122534275055,0.1200,1,0.11942897737026215
ogbl-collab,n2v,sg_aug,100,0.1,0.1,events.out.tfevents.1733260500.d1019,103.40394997596741,230,1557.0528564453125,0.0,1557.0528564453125,5091334.5,0.9165941476821899,0.9166,4,0.26763778924942017,0.2676,4,0.1018906831741333,0.1121,3,0.8991023302078247,0.8991,4,0.2185622900724411,0.2186,4,0.07921604067087173,0.0882,3,9004771328.0,0.9155020713806152,0.9155,1,0.26949837803840637,0.2695,1,0.1048864871263504,0.1049,1,0.8963754773139954,0.8964,1,0.22015009820461273,0.2202,1,0.08083489537239075,0.0808,1,0.2625701129436493
ogbl-collab,n2v,sg_aug,100,0.1,1.0,events.out.tfevents.1733260387.d1019,101.0765233039856,230,4985.5224609375,0.0,4985.5224609375,3661995.0,0.9196192622184753,0.9201,3,0.2753280699253082,0.2753,4,0.12777112424373627,0.1311,2,0.9034621119499207,0.9035,4,0.225347638130188,0.2253,4,0.0987718254327774,0.1016,2,9004771328.0,0.919930100440979,0.9199,1,0.2784927189350128,0.2785,1,0.12891951203346252,0.1289,1,0.9016992449760437,0.9017,1,0.22674314677715302,0.2267,1,0.09952729195356369,0.0995,1,0.2719321548938751
ogbl-collab,n2v,sg_aug,100,0.1,10.0,events.out.tfevents.1733260272.d1019,101.93664169311523,230,83151.96875,0.0,83151.96875,452945.34375,0.9447493553161621,0.9447,4,0.3112316429615021,0.3112,4,0.16393715143203735,0.1639,4,0.9316500425338745,0.9317,4,0.2587609589099884,0.2588,4,0.12454401701688766,0.1245,4,9004771328.0,0.9449915885925293,0.9450,1,0.31497153639793396,0.3150,1,0.15501630306243896,0.1550,1,0.9323168992996216,0.9323,1,0.2637295722961426,0.2637,1,0.11903990805149078,0.1190,1,0.178521066904068
ogbl-collab,n2v,sg_aug,100,0.1,100.0,events.out.tfevents.1733260160.d1019,99.64564681053162,230,10.191640853881836,0.0,10.191640853881836,10071403.0,0.9138834476470947,0.9139,4,0.18690931797027588,0.1869,4,0.04240729659795761,0.0424,4,0.8982495665550232,0.8982,4,0.15547843277454376,0.1555,4,0.04131321609020233,0.0413,4,9004771328.0,0.9153645634651184,0.9154,1,0.20462261140346527,0.2046,1,0.05653751268982887,0.0565,1,0.8974569439888,0.8975,1,0.17191234230995178,0.1719,1,0.054026633501052856,0.0540,1,0.4245189428329468
ogbl-collab,n2v,sg_aug,1000000000,0.1,0.1,events.out.tfevents.1733260964.d1019,102.28632402420044,230,1354.088623046875,0.0,1354.088623046875,5349487.5,0.9205883741378784,0.9206,4,0.27164217829704285,0.2716,4,0.11502230167388916,0.1150,4,0.9052808284759521,0.9053,4,0.22039973735809326,0.2204,4,0.08385676145553589,0.0861,3,9004771328.0,0.9215198755264282,0.9215,1,0.2736786901950836,0.2737,1,0.12307769060134888,0.1231,1,0.9031158089637756,0.9031,1,0.22270706295967102,0.2227,1,0.09091497957706451,0.0909,1,0.27003809809684753
ogbl-collab,n2v,sg_aug,1000000000,0.1,1.0,events.out.tfevents.1733260849.d1019,101.99477553367615,230,1354.088623046875,0.0,1354.088623046875,5349487.5,0.9189258813858032,0.9189,4,0.2654320001602173,0.2654,4,0.11763530969619751,0.1176,4,0.903453528881073,0.9035,4,0.21828579902648926,0.2183,4,0.08981415629386902,0.0898,4,9004771328.0,0.9186487793922424,0.9186,1,0.2676553726196289,0.2677,1,0.11615404486656189,0.1162,1,0.9013316631317139,0.9013,1,0.22048357129096985,0.2205,1,0.08519501984119415,0.0852,1,0.2737676203250885
ogbl-collab,n2v,sg_aug,1000000000,0.1,10.0,events.out.tfevents.1733260733.d1019,103.14398288726807,230,1354.088623046875,0.0,1354.088623046875,5349487.0,0.9212586283683777,0.9213,4,0.26966309547424316,0.2697,4,0.10962984710931778,0.1174,2,0.9063299894332886,0.9063,4,0.221207857131958,0.2212,4,0.08487124741077423,0.0898,2,9004771328.0,0.9210467338562012,0.9210,1,0.2685246765613556,0.2685,1,0.10798215866088867,0.1080,1,0.9032833576202393,0.9033,1,0.2209281027317047,0.2209,1,0.0823674127459526,0.0824,1,0.2766057550907135
ogbl-collab,n2v,sg_aug,1000000000,0.1,100.0,events.out.tfevents.1733260614.d1019,103.88324284553528,230,1354.088623046875,0.0,1354.088623046875,5349487.5,0.9199292063713074,0.9199,4,0.26271897554397583,0.2627,4,0.09503361582756042,0.1004,3,0.9046785831451416,0.9047,4,0.2154947817325592,0.2155,4,0.07297804951667786,0.0763,3,9004771328.0,0.921619176864624,0.9216,1,0.26225876808166504,0.2623,1,0.11069502681493759,0.1107,1,0.9049133062362671,0.9049,1,0.21475888788700104,0.2148,1,0.08262643218040466,0.0826,1,0.2961389720439911
ogbl-ppa,line,sg,10,0.01,1.0,events.out.tfevents.1733283399.d1019,1924.6624331474304,20734,326.6092529296875,2145.82861328125,2472.43798828125,173421.890625,0.8275464773178101,0.8275,4,,,,0.020939497277140617,0.0212,3,0.8275653719902039,0.8276,4,,,,0.019722405821084976,0.0207,3,7904006144.0,0.827003538608551,0.8270,1,,,,0.01852022297680378,0.0185,1,0.82708740234375,0.8271,1,,,,0.01925172656774521,0.0193,1,0.911159098148346
ogbl-ppa,line,sg_aug,1,0.01,0.1,events.out.tfevents.1733337141.d1024,1778.6355648040771,20734,128.47869873046875,0.0,128.47869873046875,1827.947265625,0.9025576114654541,0.9026,4,,,,0.01822645217180252,0.0182,4,0.9025654792785645,0.9026,4,,,,0.019808495417237282,0.0239,2,7904006144.0,0.9034090638160706,0.9034,1,,,,0.019785035401582718,0.0198,1,0.9035434722900391,0.9035,1,,,,0.02074754610657692,0.0207,1,0.629574179649353
ogbl-ppa,line,sg_aug,1,0.01,1.0,events.out.tfevents.1733335348.d1024,1777.4494452476501,20734,73.6123046875,0.0,73.6123046875,2344.193359375,0.8967310190200806,0.8967,4,,,,0.021982785314321518,0.0220,1,0.8966719508171082,0.8967,4,,,,0.022498663514852524,0.0262,1,7904006144.0,0.897390604019165,0.8974,1,,,,0.020111795514822006,0.0201,1,0.8974655270576477,0.8975,1,,,,0.02289743907749653,0.0229,1,0.6875925660133362
ogbl-ppa,line,sg_aug,1,0.01,10.0,events.out.tfevents.1733333583.d1024,1742.5538702011108,20734,178.1328125,0.0,178.1328125,523.4639282226562,0.8075254559516907,0.8075,4,,,,0.04057971015572548,0.0406,4,0.8076160550117493,0.8076,4,,,,0.03880195692181587,0.0388,4,7904006144.0,0.8073614835739136,0.8074,1,,,,0.04119380563497543,0.0412,1,0.8078842163085938,0.8079,1,,,,0.03870135545730591,0.0387,1,0.8896000981330872
ogbl-ppa,line,sg_aug,1,0.01,100.0,events.out.tfevents.1733331827.d1024,1720.6624557971954,20734,1007.6472778320312,0.0,1007.6472778320312,156.35618591308594,0.6532449722290039,0.6532,4,,,,0.013956805691123009,0.0152,3,0.6530370712280273,0.6530,4,,,,0.010856987908482552,0.0117,2,7904006144.0,0.6539560556411743,0.6540,1,,,,0.01344398595392704,0.0134,1,0.6542151570320129,0.6542,1,,,,0.010743523016571999,0.0107,1,1.2709500789642334
ogbl-ppa,line,sg_aug,10,0.01,0.1,events.out.tfevents.1733343597.d1024,1515.445455789566,20734,109.91160583496094,0.0,109.91160583496094,2.897810935974121,0.893110990524292,0.8931,4,,,,0.013406708836555481,0.0134,4,0.8932045102119446,0.8932,4,,,,0.011948755942285061,0.0119,4,7904006144.0,0.8940228819847107,0.8940,1,,,,0.011590479873120785,0.0116,1,0.8942936062812805,0.8943,1,,,,0.010199288837611675,0.0102,1,0.6687525510787964
ogbl-ppa,line,sg_aug,10,0.01,1.0,events.out.tfevents.1733342049.d1024,1528.5829215049744,20734,108.23223876953125,0.0,108.23223876953125,55.56996536254883,0.8912609219551086,0.8913,4,,,,0.01987295225262642,0.0214,1,0.8911295533180237,0.8911,4,,,,0.020803289487957954,0.0232,1,7904006144.0,0.8921973705291748,0.8922,1,,,,0.01984952948987484,0.0198,1,0.8923181295394897,0.8923,1,,,,0.019131334498524666,0.0191,1,0.7188634872436523
ogbl-ppa,line,sg_aug,10,0.01,10.0,events.out.tfevents.1733340509.d1024,1523.1627502441406,20734,93.99526977539062,0.0,93.99526977539062,108.72685241699219,0.8569265604019165,0.8569,4,,,,0.02529194764792919,0.0275,1,0.8570507168769836,0.8571,4,,,,0.029005732387304306,0.0298,3,7904006144.0,0.8572899699211121,0.8573,1,,,,0.02578051947057247,0.0258,1,0.8576672673225403,0.8577,1,,,,0.030808303505182266,0.0308,1,0.8081717491149902
ogbl-ppa,line,sg_aug,10,0.01,100.0,events.out.tfevents.1733338942.d1024,1547.5707733631134,20734,748.1461181640625,0.0,748.1461181640625,274.3652038574219,0.6752036809921265,0.6752,4,,,,0.047668296843767166,0.0481,1,0.6750531196594238,0.6751,4,,,,0.04886337369680405,0.0489,4,7904006144.0,0.6761950254440308,0.6762,1,,,,0.04672067612409592,0.0467,1,0.6765028238296509,0.6765,1,,,,0.047397565096616745,0.0474,1,1.20662522315979
ogbl-ppa,line,sg_aug,100,0.01,100.0,events.out.tfevents.1733345136.d1024,337.6827938556671,20734,998.2379150390625,0.0,998.2379150390625,158875.375,0.48274722695350647,0.4827,0,,,,9.566912922309712e-06,0.0000,0,,,,,,,,,,,,,,,,,,,,,,,,,,,,,
ogbl-ppa,n2v,sg,10,0.01,1.0,events.out.tfevents.1733258996.d1019,1532.3743031024933,562,1532765.5,2842466.5,4375232.0,1399.5218505859375,0.9292038083076477,0.9292,4,,,,0.04739761725068092,0.0607,1,0.9292712807655334,0.9293,4,,,,0.04443066194653511,0.0636,1,14418614272.0,0.9293476939201355,0.9293,1,,,,0.037387825548648834,0.0374,1,0.9293872117996216,0.9294,1,,,,0.04664025455713272,0.0466,1,0.478712260723114
ogbl-ppa,n2v,sg_aug,1,0.01,0.1,events.out.tfevents.1733264995.d1019,1348.3993368148804,562,195982.9375,0.0,195982.9375,3467485.25,0.7875499129295349,0.7890,3,,,,0.002866939874365926,0.0029,4,0.7875882983207703,0.7890,3,,,,0.0013922513462603092,0.0030,1,10167325696.0,0.7877053618431091,0.7877,1,,,,0.004102226346731186,0.0041,1,0.7875528335571289,0.7876,1,,,,0.0016683267895132303,0.0017,1,0.9969097375869751
ogbl-ppa,n2v,sg_aug,1,0.01,1.0,events.out.tfevents.1733263596.d1019,1360.3616666793823,562,697174.6875,0.0,697174.6875,196212.078125,0.9072078466415405,0.9078,2,,,,0.006789703853428364,0.0092,2,0.907177746295929,0.9078,2,,,,0.00881627295166254,0.0108,2,10167325696.0,0.9060647487640381,0.9061,1,,,,0.0030826900620013475,0.0031,1,0.9059627652168274,0.9060,1,,,,0.0016063170041888952,0.0016,1,0.5832490921020508
ogbl-ppa,n2v,sg_aug,1,0.01,10.0,events.out.tfevents.1733262132.d1019,1417.882690191269,562,1007088.0,0.0,1007088.0,1887.435302734375,0.927057147026062,0.9283,2,,,,0.0025598090142011642,0.0028,2,0.9271156787872314,0.9284,2,,,,0.0008377916528843343,0.0018,2,10167325696.0,0.9286915063858032,0.9287,1,,,,0.0026325504295527935,0.0026,1,0.9286513924598694,0.9287,1,,,,0.003076410386711359,0.0031,1,0.505387008190155
ogbl-ppa,n2v,sg_aug,1,0.01,100.0,events.out.tfevents.1733260565.d1019,1534.619954109192,562,1197800.5,0.0,1197800.5,622.931884765625,0.9392048716545105,0.9396,3,,,,0.01124623604118824,0.0158,2,0.9392403364181519,0.9396,3,,,,0.013911629095673561,0.0180,2,10167325696.0,0.9396007061004639,0.9396,1,,,,0.005908888299018145,0.0059,1,0.939548909664154,0.9395,1,,,,0.008788236416876316,0.0088,1,0.42070725560188293
ogbl-ppa,n2v,sg_aug,10,0.01,0.1,events.out.tfevents.1733270539.d1019,1346.6811583042145,562,58640.1640625,0.0,58640.1640625,7242868.0,0.7666180729866028,0.7668,2,,,,0.005998784210532904,0.0100,3,0.7666643261909485,0.7668,2,,,,0.007213583681732416,0.0106,1,10167325696.0,0.7690339088439941,0.7690,1,,,,0.009062670171260834,0.0091,1,0.7689208388328552,0.7689,1,,,,0.008905989117920399,0.0089,1,1.0670804977416992
ogbl-ppa,n2v,sg_aug,10,0.01,1.0,events.out.tfevents.1733269167.d1019,1336.852166891098,562,157929.46875,0.0,157929.46875,4751685.5,0.7802037596702576,0.7802,4,,,,0.0063644712790846825,0.0097,2,0.7800912857055664,0.7801,4,,,,0.004936373792588711,0.0084,2,10167325696.0,0.7782140374183655,0.7782,1,,,,0.010245339013636112,0.0102,1,0.7782929539680481,0.7783,1,,,,0.010259319096803665,0.0103,1,1.0372533798217773
ogbl-ppa,n2v,sg_aug,10,0.01,10.0,events.out.tfevents.1733267790.d1019,1340.6549212932587,562,953265.8125,0.0,953265.8125,543448.0625,0.8822423815727234,0.8835,3,,,,0.010359152220189571,0.0127,1,0.8821991682052612,0.8835,3,,,,0.011130424216389656,0.0145,1,10167325696.0,0.8802076578140259,0.8802,1,,,,0.00875900313258171,0.0088,1,0.8801072835922241,0.8801,1,,,,0.010339139960706234,0.0103,1,0.7003698945045471
ogbl-ppa,n2v,sg_aug,10,0.01,100.0,events.out.tfevents.1733266385.d1019,1369.7248046398163,562,1447575.75,0.0,1447575.75,3287.6123046875,0.9232245087623596,0.9252,3,,,,0.013364812359213829,0.0134,4,0.9232962727546692,0.9252,3,,,,0.01237853616476059,0.0124,4,10167325696.0,0.922290563583374,0.9223,1,,,,0.010891269892454147,0.0109,1,0.922328770160675,0.9223,1,,,,0.011101728305220604,0.0111,1,0.5149787068367004
ogbl-ppa,n2v,sg_aug,100,0.01,0.1,events.out.tfevents.1733276097.d1019,1336.632553577423,562,25622.5625,0.0,25622.5625,7826724.5,0.7634786367416382,0.7635,4,,,,0.011854064650833607,0.0137,3,0.7633987665176392,0.7634,4,,,,0.012622946873307228,0.0148,3,10167325696.0,0.764310359954834,0.7643,1,,,,0.013081928715109825,0.0131,1,0.7640853524208069,0.7641,1,,,,0.011911153793334961,0.0119,1,1.0783452987670898
ogbl-ppa,n2v,sg_aug,100,0.01,1.0,events.out.tfevents.1733274698.d1019,1356.0002760887146,562,31814.3125,0.0,31814.3125,7447084.5,0.7668184638023376,0.7668,4,,,,0.013983197510242462,0.0140,4,0.7668361067771912,0.7668,4,,,,0.012703098356723785,0.0136,3,10167325696.0,0.7692669034004211,0.7693,1,,,,0.012831703759729862,0.0128,1,0.7691633701324463,0.7692,1,,,,0.013244694098830223,0.0132,1,1.049184799194336
ogbl-ppa,n2v,sg_aug,100,0.01,10.0,events.out.tfevents.1733273315.d1019,1342.6881284713745,562,119129.15625,0.0,119129.15625,5055104.5,0.7736011743545532,0.7736,4,,,,0.014694447629153728,0.0147,4,0.7734890580177307,0.7735,4,,,,0.013667548075318336,0.0137,4,10167325696.0,0.77303147315979,0.7730,1,,,,0.014948136173188686,0.0149,1,0.7729721665382385,0.7730,1,,,,0.013825871050357819,0.0138,1,1.0410661697387695
ogbl-ppa,n2v,sg_aug,100,0.01,100.0,events.out.tfevents.1733271921.d1019,1357.8265907764435,562,1012307.875,0.0,1012307.875,735771.8125,0.8779419660568237,0.8797,3,,,,0.015526274219155312,0.0190,2,0.877966582775116,0.8796,3,,,,0.019977372139692307,0.0200,4,10167325696.0,0.8775405287742615,0.8775,1,,,,0.013996393419802189,0.0140,1,0.8774378895759583,0.8774,1,,,,0.016303623095154762,0.0163,1,0.7084248661994934
ogbl-ppa,n2v,sg_aug,1000000000,0.01,0.1,events.out.tfevents.1733281628.d1019,1730.9856481552124,562,23006.85546875,0.0,23006.85546875,7885835.0,0.7653383612632751,0.7653,4,,,,0.012506593950092793,0.0125,4,0.7653674483299255,0.7654,4,,,,0.012996984645724297,0.0130,4,10167325696.0,0.7649684548377991,0.7650,1,,,,0.013664355501532555,0.0137,1,0.7648614048957825,0.7649,1,,,,0.013668867759406567,0.0137,1,1.0781232118606567
ogbl-ppa,n2v,sg_aug,1000000000,0.01,1.0,events.out.tfevents.1733280225.d1019,1361.7250316143036,562,23006.85546875,0.0,23006.85546875,7885835.0,0.7612728476524353,0.7621,2,,,,0.012034515850245953,0.0135,3,0.7612065076828003,0.7619,2,,,,0.012762139551341534,0.0134,3,10167325696.0,0.764017641544342,0.7640,1,,,,0.012110061943531036,0.0121,1,0.7638503313064575,0.7639,1,,,,0.013138486072421074,0.0131,1,1.0568090677261353
ogbl-ppa,n2v,sg_aug,1000000000,0.01,10.0,events.out.tfevents.1733278855.d1019,1335.628821849823,562,23006.85546875,0.0,23006.85546875,7885834.5,0.7609760761260986,0.7617,3,,,,0.012080536223948002,0.0121,4,0.7609179019927979,0.7615,3,,,,0.013243704102933407,0.0132,4,10167325696.0,0.7634567618370056,0.7635,1,,,,0.01255772728472948,0.0126,1,0.7632617950439453,0.7633,1,,,,0.014223326928913593,0.0142,1,1.0752217769622803
ogbl-ppa,n2v,sg_aug,1000000000,0.01,100.0,events.out.tfevents.1733277469.d1019,1351.6553950309753,562,23006.85546875,0.0,23006.85546875,7885835.5,0.7627413868904114,0.7638,3,,,,0.014067484997212887,0.0141,4,0.7626472115516663,0.7637,3,,,,0.014573286287486553,0.0146,2,10167325696.0,0.765019953250885,0.7650,1,,,,0.014962651766836643,0.0150,1,0.7648196816444397,0.7648,1,,,,0.014925224706530571,0.0149,1,1.0703529119491577
